Run,Total Distance
1,4807
2,4871
3,4933
4,5125
5,5257
6,5084
7,5189
8,4782
9,5139
10,4928
11,4861
12,4929
13,5352
14,5209
15,5152
16,4466
17,5041
18,4946
19,5231
20,5086
21,5341
22,5029
23,4783
24,5263
25,5086
26,5305
27,5341
28,4427
29,4789
30,5160
31,4891
32,5067
33,5172
34,5036
35,4947
36,4790
37,5124
38,4634
39,4905
40,5185
41,5015
42,4993
43,4834
44,4980
45,5210
46,4796
47,5129
48,5014
49,4799
50,5133
51,5272
52,5018
53,4835
54,4899
55,4637
56,5053
57,4854
58,5060
59,5119
60,5007
61,5042
62,5124
63,5169
64,5291
65,5361
66,4916
67,5096
68,4730
69,5098
70,5057
71,5186
72,5585
73,5406
74,5111
75,5266
76,5262
77,4939
78,5296
79,5060
80,5079
81,5074
82,5343
83,4905
84,5009
85,5108
86,4864
87,5280
88,5062
89,5040
90,4870
91,5217
92,5067
93,4821
94,5250
95,4744
96,5163
97,5164
98,5114
99,5141
100,5615
101,5105
102,5280
103,4861
104,5060
105,5287
106,5304
107,5104
108,5137
109,5036
110,5321
111,4862
112,4837
113,4820
114,4900
115,4994
116,4884
117,5241
118,4990
119,5357
120,5046
121,5411
122,4933
123,4897
124,5330
125,4902
126,5089
127,5176
128,5005
129,5392
130,4993
131,5077
132,5276
133,5177
134,5271
135,5209
136,5183
137,4938
138,4988
139,4830
140,5142
141,5213
142,4924
143,4867
144,5163
145,5255
146,5160
147,5195
148,4686
149,4790
150,5160
151,5250
152,5305
153,5022
154,5079
155,4906
156,5277
157,4989
158,5133
159,5092
160,5074
161,4869
162,4892
163,4960
164,4944
165,5197
166,5184
167,4990
168,5097
169,5157
170,5113
171,5063
172,4900
173,5320
174,5362
175,4767
176,4944
177,4998
178,4952
179,4950
180,4798
181,5304
182,5136
183,5144
184,5212
185,5201
186,4961
187,4959
188,4957
189,5077
190,4767
191,5055
192,5001
193,5104
194,5472
195,5015
196,5206
197,5128
198,5197
199,5094
200,5123
201,4968
202,5187
203,4816
204,5333
205,5006
206,4957
207,5498
208,5225
209,5103
210,5149
211,5181
212,5085
213,4623
214,4829
215,5114
216,4675
217,4935
218,5061
219,5274
220,5318
221,5101
222,5113
223,4795
224,5133
225,5346
226,4854
227,5082
228,4574
229,4814
230,5140
231,5060
232,5244
233,5324
234,5263
235,5045
236,5262
237,5213
238,4920
239,4947
240,5048
241,4979
242,5095
243,5192
244,5193
245,4982
246,5097
247,5087
248,5218
249,5024
250,4900
251,4892
252,5110
253,4856
254,5314
255,4780
256,4879
257,5170
258,4818
259,5045
260,4906
261,5171
262,5055
263,4940
264,5339
265,5050
266,5251
267,5011
268,5190
269,5009
270,4572
271,4859
272,5284
273,4990
274,5028
275,4887
276,5251
277,5217
278,4951
279,4975
280,5161
281,4866
282,5407
283,5138
284,5269
285,5107
286,4830
287,5088
288,5273
289,5063
290,4985
291,5128
292,5252
293,5168
294,4829
295,4905
296,5059
297,4732
298,5254
299,5130
300,5134
301,5132
302,4843
303,5371
304,5214
305,5249
306,5066
307,5166
308,5202
309,5157
310,5040
311,5109
312,5408
313,5158
314,4743
315,4967
316,4906
317,4975
318,5097
319,5003
320,5143
321,5247
322,5077
323,4879
324,4886
325,5024
326,5132
327,5241
328,4938
329,5002
330,5064
331,5173
332,4713
333,5112
334,5173
335,5283
336,4857
337,5156
338,5003
339,5278
340,5014
341,5020
342,4918
343,5245
344,5155
345,4979
346,5069
347,5456
348,4976
349,5130
350,4783
351,4916
352,5072
353,5472
354,5106
355,4823
356,4681
357,4826
358,4919
359,5156
360,5049
361,4930
362,4933
363,4955
364,4975
365,5174
366,5281
367,4833
368,4985
369,5197
370,4967
371,5106
372,4585
373,4617
374,4933
375,5468
376,4786
377,5132
378,4872
379,5154
380,5080
381,4930
382,5198
383,5012
384,5018
385,4889
386,5147
387,4979
388,4717
389,4881
390,4953
391,5226
392,5132
393,4913
394,4830
395,5002
396,5152
397,5349
398,5172
399,4947
400,5396
401,5016
402,5499
403,5265
404,5150
405,5109
406,4955
407,4971
408,4987
409,4909
410,5409
411,4866
412,5311
413,5151
414,5357
415,5053
416,4947
417,5335
418,4785
419,5274
420,5258
421,4962
422,5050
423,5200
424,5366
425,4777
426,4967
427,4893
428,5054
429,5211
430,5106
431,5146
432,5218
433,4958
434,5455
435,5288
436,4970
437,5000
438,5216
439,5057
440,4772
441,5109
442,4905
443,5026
444,5034
445,4884
446,5155
447,5248
448,5006
449,4913
450,4915
451,5259
452,5396
453,5164
454,4953
455,5104
456,4898
457,5326
458,5100
459,5110
460,4877
461,5250
462,4872
463,4975
464,5047
465,5204
466,4940
467,4824
468,4839
469,5270
470,5064
471,4746
472,5156
473,5086
474,5212
475,5141
476,4817
477,5100
478,4932
479,5189
480,4968
481,5153
482,5081
483,5256
484,5121
485,5313
486,5065
487,5114
488,5069
489,5074
490,4632
491,5342
492,4786
493,4975
494,5202
495,4947
496,5138
497,5051
498,5268
499,5175
500,4809
501,5040
502,5172
503,5309
504,5088
505,5168
506,4950
507,5214
508,4977
509,5216
510,5058
511,5077
512,4999
513,4956
514,5099
515,5021
516,4516
517,5162
518,5108
519,5152
520,4957
521,5149
522,5243
523,5090
524,4783
525,4834
526,4846
527,5082
528,4862
529,4881
530,4801
531,4886
532,4756
533,5459
534,5226
535,4874
536,5036
537,5364
538,5208
539,4945
540,5203
541,4721
542,4984
543,5293
544,4991
545,5056
546,5137
547,5542
548,5313
549,5009
550,5069
551,4960
552,4806
553,4900
554,4967
555,5065
556,5276
557,4895
558,5046
559,5252
560,5083
561,5191
562,5075
563,5185
564,4881
565,4860
566,5157
567,4797
568,5057
569,5025
570,4970
571,5085
572,4722
573,5100
574,5005
575,5163
576,4799
577,5034
578,5146
579,5087
580,5164
581,4936
582,4969
583,4960
584,5139
585,5162
586,4866
587,4998
588,5003
589,5121
590,5080
591,4899
592,5036
593,4908
594,5261
595,4917
596,4938
597,5376
598,4658
599,5202
600,5125
601,5356
602,4684
603,5047
604,4887
605,4972
606,5396
607,4832
608,5019
609,5072
610,5188
611,5024
612,5098
613,5057
614,5260
615,5138
616,5057
617,4997
618,5211
619,5097
620,5284
621,4970
622,4810
623,5096
624,4919
625,4962
626,4972
627,4888
628,5014
629,4698
630,5081
631,5088
632,5035
633,5225
634,5111
635,5158
636,5258
637,5271
638,4716
639,5256
640,5055
641,4997
642,5149
643,5224
644,5143
645,5066
646,4889
647,4913
648,4643
649,5293
650,4886
651,4858
652,5209
653,5025
654,5159
655,5090
656,5122
657,5128
658,5016
659,4877
660,4822
661,4911
662,5077
663,5351
664,5323
665,4990
666,5205
667,5186
668,4952
669,5197
670,5172
671,5043
672,4972
673,4915
674,5272
675,5014
676,5062
677,5243
678,4881
679,5304
680,4930
681,4718
682,4773
683,5049
684,5201
685,5133
686,4922
687,5294
688,5344
689,5141
690,5272
691,4936
692,5088
693,4681
694,5183
695,4980
696,5092
697,5122
698,5196
699,4920
700,5143
701,5081
702,4721
703,5439
704,4974
705,4671
706,4928
707,5580
708,5111
709,4946
710,4950
711,5182
712,5336
713,4994
714,5102
715,5241
716,5049
717,5293
718,4646
719,4796
720,5397
721,5103
722,4755
723,4906
724,5139
725,4930
726,5450
727,5180
728,5072
729,4746
730,4951
731,5072
732,5295
733,5306
734,4837
735,5032
736,4996
737,5192
738,5061
739,5026
740,5018
741,5186
742,5221
743,5078
744,4772
745,4943
746,5267
747,5196
748,5181
749,5041
750,4440
751,5180
752,5206
753,5179
754,5172
755,4993
756,5144
757,5249
758,5249
759,5008
760,5166
761,5128
762,5159
763,5053
764,5007
765,5284
766,5360
767,4883
768,5177
769,5233
770,5044
771,5555
772,5021
773,5447
774,5169
775,5110
776,5013
777,5009
778,5039
779,5201
780,4874
781,4957
782,4908
783,4940
784,4837
785,5208
786,4762
787,4927
788,5139
789,5451
790,5248
791,5006
792,5147
793,5238
794,5101
795,4920
796,4811
797,5351
798,4867
799,5275
800,5402
801,5066
802,5087
803,5349
804,5349
805,4972
806,4594
807,5114
808,5020
809,5063
810,5161
811,4819
812,4791
813,5013
814,5050
815,4968
816,4964
817,5022
818,4910
819,5165
820,5116
821,5317
822,5037
823,5004
824,5099
825,4972
826,5134
827,4685
828,4959
829,5347
830,5213
831,5132
832,5220
833,5034
834,4961
835,5440
836,5118
837,5274
838,4888
839,4684
840,4952
841,5075
842,4700
843,5218
844,5244
845,4993
846,4574
847,5206
848,4710
849,5026
850,4963
851,4892
852,4772
853,5221
854,5073
855,5033
856,4995
857,5015
858,4866
859,4680
860,5025
861,5252
862,5157
863,5256
864,4984
865,5182
866,5250
867,5474
868,4786
869,5106
870,5058
871,4917
872,5165
873,5012
874,5320
875,4935
876,5094
877,4960
878,5000
879,5053
880,5299
881,5153
882,4953
883,5347
884,5324
885,5017
886,5260
887,5233
888,5062
889,5171
890,4799
891,5219
892,4986
893,5092
894,5085
895,5049
896,5478
897,5379
898,5060
899,5051
900,5099
901,5349
902,5355
903,5265
904,4818
905,5388
906,5445
907,4685
908,4715
909,4955
910,4849
911,5094
912,5274
913,5103
914,5353
915,5006
916,4951
917,4878
918,5057
919,4831
920,4884
921,4816
922,5035
923,4939
924,5129
925,4864
926,4988
927,5265
928,5062
929,4738
930,4851
931,4790
932,5118
933,5215
934,5325
935,4843
936,5216
937,4558
938,5368
939,5397
940,4958
941,5193
942,4733
943,5325
944,5156
945,5074
946,5327
947,4846
948,4684
949,5186
950,5100
951,4979
952,4889
953,5119
954,4676
955,5065
956,5086
957,5124
958,5419
959,5318
960,5127
961,4875
962,5266
963,4993
964,5034
965,4895
966,5000
967,5088
968,4999
969,4940
970,5069
971,5401
972,5193
973,5083
974,5404
975,5053
976,4933
977,4932
978,5069
979,5035
980,5235
981,5298
982,5226
983,5055
984,4777
985,4765
986,4962
987,4855
988,5175
989,5093
990,4691
991,5095
992,5138
993,5029
994,4816
995,5043
996,5037
997,5315
998,5119
999,5123
1000,5265
1001,5395
1002,5191
1003,4875
1004,5062
1005,4995
1006,5151
1007,5158
1008,5067
1009,4974
1010,4794
1011,5039
1012,5294
1013,5153
1014,5352
1015,5070
1016,5333
1017,4947
1018,4945
1019,5166
1020,5201
1021,4925
1022,4935
1023,5193
1024,4948
1025,5013
1026,4990
1027,5138
1028,4974
1029,5194
1030,5252
1031,4884
1032,4652
1033,5094
1034,5132
1035,5328
1036,5184
1037,5043
1038,5309
1039,5223
1040,5319
1041,5090
1042,4795
1043,5265
1044,4947
1045,4985
1046,5188
1047,5042
1048,5063
1049,5208
1050,5009
1051,5010
1052,5080
1053,5044
1054,4726
1055,5640
1056,5111
1057,4903
1058,4890
1059,5034
1060,5099
1061,5228
1062,5008
1063,5285
1064,5071
1065,5082
1066,4902
1067,5111
1068,5217
1069,5197
1070,4872
1071,4860
1072,5045
1073,5299
1074,5110
1075,5225
1076,4581
1077,4751
1078,4856
1079,5313
1080,4958
1081,4921
1082,4819
1083,4821
1084,4948
1085,5478
1086,5247
1087,4898
1088,5121
1089,5037
1090,5097
1091,5482
1092,5069
1093,4821
1094,4996
1095,5475
1096,5206
1097,4925
1098,5119
1099,5066
1100,5248
1101,4989
1102,5204
1103,5253
1104,5004
1105,4919
1106,4837
1107,5160
1108,5172
1109,4959
1110,5408
1111,5094
1112,5236
1113,4978
1114,4893
1115,4954
1116,5017
1117,5320
1118,5176
1119,4821
1120,4922
1121,5123
1122,5186
1123,5245
1124,5119
1125,5141
1126,4965
1127,5148
1128,5077
1129,4919
1130,4981
1131,4961
1132,5137
1133,4600
1134,5162
1135,5178
1136,5252
1137,5190
1138,5165
1139,5227
1140,5236
1141,4746
1142,5029
1143,4769
1144,5017
1145,5055
1146,5316
1147,4827
1148,5206
1149,5318
1150,5004
1151,5469
1152,5056
1153,4999
1154,5186
1155,5040
1156,5250
1157,5133
1158,4878
1159,4981
1160,5037
1161,5565
1162,5144
1163,5133
1164,5126
1165,4962
1166,5270
1167,5166
1168,5066
1169,5260
1170,5422
1171,5028
1172,5007
1173,4981
1174,5135
1175,4802
1176,5173
1177,5168
1178,4963
1179,5195
1180,5191
1181,4898
1182,5093
1183,5092
1184,5192
1185,5151
1186,5547
1187,5069
1188,4989
1189,5239
1190,4988
1191,5265
1192,4887
1193,5051
1194,5301
1195,4997
1196,5303
1197,5227
1198,4885
1199,5301
1200,5155
1201,4769
1202,4901
1203,5388
1204,4988
1205,4618
1206,5109
1207,4942
1208,4928
1209,5383
1210,5189
1211,5279
1212,4797
1213,5074
1214,5208
1215,4770
1216,4827
1217,5180
1218,5273
1219,5277
1220,5276
1221,4922
1222,4936
1223,5151
1224,5185
1225,4654
1226,4958
1227,4847
1228,5092
1229,5063
1230,5093
1231,4861
1232,5107
1233,4839
1234,5111
1235,5137
1236,5135
1237,4895
1238,5172
1239,5137
1240,5417
1241,4868
1242,4948
1243,4830
1244,5244
1245,4878
1246,5009
1247,4932
1248,4940
1249,4974
1250,5019
1251,4998
1252,4978
1253,5343
1254,5159
1255,4914
1256,5112
1257,4969
1258,4875
1259,4824
1260,5594
1261,4809
1262,4983
1263,4961
1264,4810
1265,5290
1266,4879
1267,5326
1268,4974
1269,4722
1270,4855
1271,5125
1272,5143
1273,5053
1274,5253
1275,5018
1276,4647
1277,5296
1278,5242
1279,4914
1280,5221
1281,5233
1282,5212
1283,4991
1284,5077
1285,5213
1286,4868
1287,4947
1288,4762
1289,5311
1290,4927
1291,5261
1292,4927
1293,5327
1294,5184
1295,4599
1296,4982
1297,5206
1298,5467
1299,4920
1300,5186
1301,5186
1302,4934
1303,5288
1304,5202
1305,4853
1306,4632
1307,4957
1308,4874
1309,5358
1310,4925
1311,4795
1312,5418
1313,5086
1314,5174
1315,5059
1316,5004
1317,4936
1318,4985
1319,5020
1320,5338
1321,4973
1322,4918
1323,5022
1324,4816
1325,5107
1326,5120
1327,5248
1328,5227
1329,4932
1330,5058
1331,4992
1332,5250
1333,4826
1334,4926
1335,4981
1336,5058
1337,5058
1338,4808
1339,5507
1340,5140
1341,5138
1342,5310
1343,5155
1344,4812
1345,5289
1346,5324
1347,5446
1348,4684
1349,5006
1350,5423
1351,5409
1352,5268
1353,5055
1354,5033
1355,4809
1356,5156
1357,5173
1358,4624
1359,4664
1360,5164
1361,4758
1362,5257
1363,4914
1364,4702
1365,5283
1366,5285
1367,5085
1368,4977
1369,5211
1370,5146
1371,4999
1372,4807
1373,5118
1374,5057
1375,5307
1376,5145
1377,4746
1378,5175
1379,4957
1380,5084
1381,5223
1382,4889
1383,5022
1384,5110
1385,5454
1386,5436
1387,5274
1388,5126
1389,5040
1390,5102
1391,4832
1392,4837
1393,4755
1394,5108
1395,5459
1396,5177
1397,5541
1398,5198
1399,5395
1400,5357
1401,5146
1402,4863
1403,5086
1404,5041
1405,4991
1406,5103
1407,5072
1408,4827
1409,5370
1410,5239
1411,5416
1412,4668
1413,5307
1414,5162
1415,5054
1416,5226
1417,5115
1418,5121
1419,5102
1420,5003
1421,5186
1422,5040
1423,5187
1424,5543
1425,5155
1426,5346
1427,5066
1428,4946
1429,5231
1430,5003
1431,5166
1432,5096
1433,5299
1434,5210
1435,4877
1436,5050
1437,5078
1438,5451
1439,5059
1440,4667
1441,5112
1442,5007
1443,4903
1444,5168
1445,4844
1446,5034
1447,5033
1448,5018
1449,4966
1450,4987
1451,5175
1452,5152
1453,4979
1454,5219
1455,5025
1456,5000
1457,4871
1458,5237
1459,5063
1460,5489
1461,4850
1462,4858
1463,4601
1464,5116
1465,5288
1466,4946
1467,4818
1468,5239
1469,5069
1470,5056
1471,4772
1472,4895
1473,5248
1474,4791
1475,5010
1476,4895
1477,5352
1478,5345
1479,5139
1480,4771
1481,5455
1482,4948
1483,5060
1484,5330
1485,4960
1486,5116
1487,4988
1488,4851
1489,5187
1490,5068
1491,5185
1492,4755
1493,5043
1494,5036
1495,4800
1496,5055
1497,5027
1498,5259
1499,4991
1500,5197
1501,5197
1502,5174
1503,5364
1504,4735
1505,5381
1506,5238
1507,4826
1508,5176
1509,5061
1510,4719
1511,4913
1512,5351
1513,4970
1514,4916
1515,5065
1516,4902
1517,4740
1518,5046
1519,5120
1520,5227
1521,5114
1522,5154
1523,5027
1524,5339
1525,5198
1526,5100
1527,5256
1528,4852
1529,5079
1530,5139
1531,4815
1532,5118
1533,5219
1534,5117
1535,4926
1536,5111
1537,5038
1538,4598
1539,5194
1540,5239
1541,5002
1542,5146
1543,5065
1544,4925
1545,4658
1546,5335
1547,4787
1548,5069
1549,4934
1550,5086
1551,4932
1552,5065
1553,5339
1554,5053
1555,5195
1556,5615
1557,5202
1558,4959
1559,5258
1560,5341
1561,4975
1562,4828
1563,5107
1564,4529
1565,5300
1566,4895
1567,4869
1568,5239
1569,5212
1570,5041
1571,5131
1572,5051
1573,5047
1574,5323
1575,5442
1576,4933
1577,4700
1578,5058
1579,5476
1580,5028
1581,4863
1582,4906
1583,5116
1584,5106
1585,5097
1586,5160
1587,4935
1588,5082
1589,5311
1590,5416
1591,4992
1592,5109
1593,5000
1594,4919
1595,5169
1596,4936
1597,4992
1598,5232
1599,4907
1600,5152
1601,4922
1602,5357
1603,4931
1604,4983
1605,4797
1606,5144
1607,4955
1608,4922
1609,5416
1610,4775
1611,4868
1612,5054
1613,5112
1614,5155
1615,5204
1616,5310
1617,4857
1618,5029
1619,5392
1620,5234
1621,5090
1622,4915
1623,5076
1624,5296
1625,4810
1626,5126
1627,5014
1628,5137
1629,4779
1630,5053
1631,5327
1632,5203
1633,5218
1634,5081
1635,4867
1636,5372
1637,5058
1638,5093
1639,4744
1640,5144
1641,5184
1642,4862
1643,4853
1644,5060
1645,4701
1646,5017
1647,5099
1648,4759
1649,4961
1650,5203
1651,5000
1652,4922
1653,4824
1654,5052
1655,4799
1656,4864
1657,5126
1658,5232
1659,4833
1660,5302
1661,5221
1662,4968
1663,5155
1664,5560
1665,5176
1666,4717
1667,5060
1668,4947
1669,4993
1670,5130
1671,5250
1672,5352
1673,4804
1674,5629
1675,5271
1676,5115
1677,4989
1678,4935
1679,5076
1680,5310
1681,5250
1682,5169
1683,5133
1684,4806
1685,5289
1686,4970
1687,4835
1688,4820
1689,5102
1690,5471
1691,4988
1692,5044
1693,5261
1694,5267
1695,5145
1696,5142
1697,4921
1698,4938
1699,4659
1700,5184
1701,5279
1702,5152
1703,5047
1704,5122
1705,5015
1706,5077
1707,5476
1708,5005
1709,5001
1710,5091
1711,4935
1712,5021
1713,4767
1714,4944
1715,4865
1716,4824
1717,4983
1718,5129
1719,5078
1720,5207
1721,5009
1722,5256
1723,5177
1724,5023
1725,4910
1726,5343
1727,5244
1728,4819
1729,5208
1730,4948
1731,5318
1732,4934
1733,4943
1734,4931
1735,5266
1736,5213
1737,5085
1738,4928
1739,4945
1740,5179
1741,4983
1742,4897
1743,5099
1744,5021
1745,4924
1746,5010
1747,4866
1748,5338
1749,4861
1750,4984
1751,5031
1752,5148
1753,4832
1754,5343
1755,5036
1756,4835
1757,5173
1758,4708
1759,4828
1760,4901
1761,5001
1762,5322
1763,5082
1764,4787
1765,5399
1766,5077
1767,5043
1768,4989
1769,5071
1770,5310
1771,5310
1772,5067
1773,5509
1774,4974
1775,4922
1776,5098
1777,4942
1778,5063
1779,4991
1780,5014
1781,5281
1782,5039
1783,5150
1784,5106
1785,5001
1786,5293
1787,5235
1788,5257
1789,4899
1790,5003
1791,5196
1792,4926
1793,5055
1794,5084
1795,5397
1796,5047
1797,5433
1798,5151
1799,5225
1800,5143
1801,5422
1802,4813
1803,4967
1804,4651
1805,5291
1806,4890
1807,5151
1808,5096
1809,5107
1810,5131
1811,4834
1812,5167
1813,5086
1814,4749
1815,5233
1816,5000
1817,4669
1818,4909
1819,5121
1820,4922
1821,5086
1822,4989
1823,5462
1824,5169
1825,4986
1826,5477
1827,5158
1828,5048
1829,4839
1830,5307
1831,4986
1832,5137
1833,4944
1834,5102
1835,4757
1836,5283
1837,5139
1838,4964
1839,4800
1840,5113
1841,4884
1842,5247
1843,5339
1844,5117
1845,4951
1846,4839
1847,5049
1848,5348
1849,5096
1850,5322
1851,4964
1852,5231
1853,5445
1854,4848
1855,5294
1856,5113
1857,5051
1858,5139
1859,4980
1860,4993
1861,5057
1862,5001
1863,4834
1864,5326
1865,5279
1866,5300
1867,5002
1868,5219
1869,4808
1870,4855
1871,5057
1872,5004
1873,5005
1874,4924
1875,4781
1876,5016
1877,5166
1878,5203
1879,5243
1880,5245
1881,5049
1882,4785
1883,5223
1884,4951
1885,5064
1886,4916
1887,4849
1888,4982
1889,5426
1890,5063
1891,4870
1892,5216
1893,4834
1894,5221
1895,4745
1896,5186
1897,5170
1898,4850
1899,5257
1900,5338
1901,5093
1902,5277
1903,5209
1904,5165
1905,5119
1906,5351
1907,4936
1908,4791
1909,5086
1910,4712
1911,5240
1912,5243
1913,5023
1914,5247
1915,5171
1916,5033
1917,4869
1918,5279
1919,4590
1920,5167
1921,5011
1922,5481
1923,5215
1924,5073
1925,4918
1926,5216
1927,5355
1928,5306
1929,5071
1930,4779
1931,5013
1932,4955
1933,5224
1934,4770
1935,4915
1936,5074
1937,5060
1938,5288
1939,5143
1940,5113
1941,4875
1942,4973
1943,5181
1944,4984
1945,4823
1946,4825
1947,5010
1948,5166
1949,5064
1950,4918
1951,5334
1952,4737
1953,5291
1954,5213
1955,5004
1956,4945
1957,5291
1958,5455
1959,5128
1960,4514
1961,5078
1962,5156
1963,4626
1964,5143
1965,5154
1966,5245
1967,5295
1968,4744
1969,5168
1970,4826
1971,4908
1972,4655
1973,5199
1974,5080
1975,4849
1976,4913
1977,5286
1978,5072
1979,5017
1980,5183
1981,5260
1982,5264
1983,5243
1984,4822
1985,5050
1986,5158
1987,5213
1988,5022
1989,5069
1990,5138
1991,4715
1992,5145
1993,4918
1994,5164
1995,5195
1996,4967
1997,5074
1998,5131
1999,4757
2000,5452
2001,4903
2002,5302
2003,4931
2004,5104
2005,5173
2006,4933
2007,4912
2008,5087
2009,5081
2010,5096
2011,4947
2012,5117
2013,4949
2014,5086
2015,5058
2016,5106
2017,5148
2018,4808
2019,5172
2020,4986
2021,4770
2022,5114
2023,4906
2024,5164
2025,4932
2026,5040
2027,4701
2028,5173
2029,4933
2030,5223
2031,5050
2032,5176
2033,5027
2034,4996
2035,5014
2036,5020
2037,4645
2038,5175
2039,5285
2040,5214
2041,4909
2042,5205
2043,5250
2044,5016
2045,5072
2046,4957
2047,4674
2048,5154
2049,4986
2050,5318
2051,5192
2052,5283
2053,4978
2054,5401
2055,5263
2056,5065
2057,5069
2058,5020
2059,5005
2060,5036
2061,4817
2062,5064
2063,5224
2064,5204
2065,5213
2066,5069
2067,5127
2068,5088
2069,4967
2070,5182
2071,5082
2072,5115
2073,4935
2074,5181
2075,4491
2076,5137
2077,5438
2078,5162
2079,4912
2080,4997
2081,5004
2082,5298
2083,5296
2084,4995
2085,5317
2086,4908
2087,5084
2088,5202
2089,4795
2090,5160
2091,5046
2092,5437
2093,4793
2094,5400
2095,5214
2096,5235
2097,5079
2098,5177
2099,4826
2100,4929
2101,5285
2102,4906
2103,4865
2104,5212
2105,4795
2106,4883
2107,4790
2108,5037
2109,4991
2110,4660
2111,5000
2112,4992
2113,4964
2114,4828
2115,5019
2116,5253
2117,5078
2118,5122
2119,5403
2120,5152
2121,4956
2122,4974
2123,5209
2124,4806
2125,5067
2126,5232
2127,5229
2128,5146
2129,4704
2130,5048
2131,5379
2132,4857
2133,4748
2134,5054
2135,4890
2136,5113
2137,5101
2138,5183
2139,5231
2140,5187
2141,5045
2142,4897
2143,5039
2144,5406
2145,5347
2146,5137
2147,4862
2148,5370
2149,5158
2150,5160
2151,5112
2152,5003
2153,4994
2154,4809
2155,5217
2156,5374
2157,4883
2158,4820
2159,4972
2160,5134
2161,5076
2162,5029
2163,4954
2164,5100
2165,5479
2166,5134
2167,5382
2168,5169
2169,4724
2170,5228
2171,4967
2172,5072
2173,4869
2174,4948
2175,5155
2176,5342
2177,4898
2178,5065
2179,5154
2180,4889
2181,5368
2182,5112
2183,4938
2184,5064
2185,4990
2186,5124
2187,5327
2188,5323
2189,5089
2190,5095
2191,5248
2192,5085
2193,5313
2194,4919
2195,5049
2196,4773
2197,5133
2198,4850
2199,4598
2200,5008
2201,4802
2202,4630
2203,5246
2204,4457
2205,5144
2206,4984
2207,5179
2208,4934
2209,5039
2210,4941
2211,5254
2212,4795
2213,5230
2214,4889
2215,4778
2216,5269
2217,5227
2218,5176
2219,5415
2220,5106
2221,5277
2222,4772
2223,5228
2224,5131
2225,4822
2226,5019
2227,4909
2228,5003
2229,5227
2230,5241
2231,5060
2232,5057
2233,4955
2234,5143
2235,5177
2236,5349
2237,4991
2238,4835
2239,4949
2240,5028
2241,5174
2242,5482
2243,5364
2244,5328
2245,5341
2246,5129
2247,4706
2248,5145
2249,4799
2250,5337
2251,4980
2252,4931
2253,5205
2254,5316
2255,5341
2256,5188
2257,5277
2258,4761
2259,4940
2260,5223
2261,5118
2262,4945
2263,5049
2264,5337
2265,4980
2266,5374
2267,5021
2268,5178
2269,4725
2270,4952
2271,5105
2272,5385
2273,5188
2274,5050
2275,4853
2276,4899
2277,5026
2278,5023
2279,4859
2280,5241
2281,4595
2282,4968
2283,4979
2284,5202
2285,5024
2286,5022
2287,5064
2288,5115
2289,5236
2290,4952
2291,4975
2292,4873
2293,5259
2294,4819
2295,5103
2296,4956
2297,5082
2298,5115
2299,5151
2300,4953
2301,5041
2302,4822
2303,5032
2304,4754
2305,5156
2306,5304
2307,4902
2308,5409
2309,5054
2310,5338
2311,5087
2312,5101
2313,4987
2314,4811
2315,5019
2316,5295
2317,5182
2318,4852
2319,5125
2320,5011
2321,5240
2322,5327
2323,5148
2324,5317
2325,4830
2326,5536
2327,4938
2328,4905
2329,4753
2330,4936
2331,4912
2332,4982
2333,4983
2334,5111
2335,5261
2336,4766
2337,4696
2338,5111
2339,4932
2340,5209
2341,5182
2342,5316
2343,4815
2344,5225
2345,4698
2346,5185
2347,5037
2348,4999
2349,5233
2350,5338
2351,4980
2352,5201
2353,5359
2354,4965
2355,5039
2356,4828
2357,5363
2358,5119
2359,4834
2360,5125
2361,5100
2362,4670
2363,4355
2364,5334
2365,4855
2366,5215
2367,4898
2368,5460
2369,5183
2370,5080
2371,5012
2372,4648
2373,5390
2374,5009
2375,5109
2376,4669
2377,4768
2378,5129
2379,5020
2380,4742
2381,4707
2382,4884
2383,5140
2384,5349
2385,4791
2386,5138
2387,4855
2388,5177
2389,5098
2390,5126
2391,4782
2392,5006
2393,5022
2394,5001
2395,5072
2396,4970
2397,4936
2398,4994
2399,5092
2400,4779
2401,5074
2402,5348
2403,4825
2404,5014
2405,5058
2406,5170
2407,4969
2408,4683
2409,5167
2410,5085
2411,5183
2412,5284
2413,5161
2414,5221
2415,4847
2416,4998
2417,4821
2418,4769
2419,5132
2420,5279
2421,5348
2422,5076
2423,4941
2424,5129
2425,4718
2426,5133
2427,5021
2428,5048
2429,5097
2430,5312
2431,4977
2432,4920
2433,5230
2434,4857
2435,5123
2436,5538
2437,5163
2438,5064
2439,4752
2440,5360
2441,4857
2442,5125
2443,5308
2444,4768
2445,4962
2446,5040
2447,5193
2448,5164
2449,4965
2450,5341
2451,4855
2452,5123
2453,5132
2454,4958
2455,4975
2456,5149
2457,5079
2458,4978
2459,5274
2460,4983
2461,4557
2462,5049
2463,4884
2464,4963
2465,5035
2466,4977
2467,5240
2468,5284
2469,4940
2470,5021
2471,4997
2472,4981
2473,5197
2474,5177
2475,5037
2476,5423
2477,5376
2478,5101
2479,4942
2480,5252
2481,4852
2482,5249
2483,5260
2484,4949
2485,5206
2486,4991
2487,5281
2488,4906
2489,4923
2490,4953
2491,4769
2492,4825
2493,4885
2494,5139
2495,4915
2496,5031
2497,5295
2498,5177
2499,5270
2500,4919
2501,4804
2502,5167
2503,5011
2504,4904
2505,5052
2506,5181
2507,5151
2508,4994
2509,5133
2510,5036
2511,5128
2512,4731
2513,5380
2514,5237
2515,5152
2516,5081
2517,5169
2518,4875
2519,5257
2520,4528
2521,4489
2522,5651
2523,4838
2524,4895
2525,4956
2526,4755
2527,4754
2528,4833
2529,5259
2530,5233
2531,4891
2532,5358
2533,5008
2534,5310
2535,5134
2536,5556
2537,4966
2538,4736
2539,4856
2540,4807
2541,5023
2542,4937
2543,5002
2544,4819
2545,4761
2546,5154
2547,4910
2548,4637
2549,4953
2550,5019
2551,5465
2552,5080
2553,5054
2554,5434
2555,5343
2556,4937
2557,4722
2558,4918
2559,4957
2560,5174
2561,5037
2562,5293
2563,4445
2564,5462
2565,5153
2566,5062
2567,4760
2568,5212
2569,5383
2570,5033
2571,4714
2572,5207
2573,4951
2574,5292
2575,4995
2576,5232
2577,5182
2578,5190
2579,5402
2580,5135
2581,4796
2582,5184
2583,5115
2584,4937
2585,5127
2586,5184
2587,4878
2588,5151
2589,5087
2590,4628
2591,5168
2592,5143
2593,5213
2594,4770
2595,5220
2596,5122
2597,4922
2598,5468
2599,5211
2600,4818
2601,5311
2602,5484
2603,5388
2604,4849
2605,5156
2606,5007
2607,4996
2608,5041
2609,5099
2610,5183
2611,4916
2612,4952
2613,5253
2614,4993
2615,5167
2616,5287
2617,5195
2618,5126
2619,5156
2620,5145
2621,4973
2622,4829
2623,5012
2624,4967
2625,5050
2626,5037
2627,5162
2628,4872
2629,4649
2630,4825
2631,5105
2632,4850
2633,5181
2634,4710
2635,5046
2636,5253
2637,4912
2638,5171
2639,5191
2640,5123
2641,5115
2642,5255
2643,4961
2644,5057
2645,4790
2646,5148
2647,4881
2648,5393
2649,5326
2650,5187
2651,4897
2652,5198
2653,5690
2654,4904
2655,4771
2656,4978
2657,4638
2658,5073
2659,4936
2660,4960
2661,5059
2662,4952
2663,5224
2664,5078
2665,4783
2666,4868
2667,4709
2668,4937
2669,4624
2670,5186
2671,4914
2672,5010
2673,5295
2674,5117
2675,5104
2676,4956
2677,5310
2678,4882
2679,5090
2680,5027
2681,5141
2682,5029
2683,5324
2684,5016
2685,5138
2686,5059
2687,4868
2688,5041
2689,4702
2690,5188
2691,5002
2692,5082
2693,5189
2694,4806
2695,5004
2696,5260
2697,5144
2698,5119
2699,5362
2700,5339
2701,5071
2702,4980
2703,4953
2704,5101
2705,5367
2706,5207
2707,4899
2708,4883
2709,4994
2710,5350
2711,4807
2712,5282
2713,5077
2714,5318
2715,5011
2716,5007
2717,5381
2718,4942
2719,4889
2720,4939
2721,5434
2722,5272
2723,5147
2724,5070
2725,5217
2726,4832
2727,4842
2728,5267
2729,5049
2730,4844
2731,5066
2732,4903
2733,4998
2734,5253
2735,5090
2736,4882
2737,5040
2738,5057
2739,4997
2740,4976
2741,5171
2742,5037
2743,5218
2744,5059
2745,4816
2746,5420
2747,5138
2748,5180
2749,5477
2750,5079
2751,4932
2752,4896
2753,5037
2754,4965
2755,4921
2756,5006
2757,5324
2758,5109
2759,5059
2760,4965
2761,5232
2762,5070
2763,5095
2764,5439
2765,4980
2766,4751
2767,5373
2768,4916
2769,5138
2770,5314
2771,5424
2772,4884
2773,5009
2774,5107
2775,4619
2776,5077
2777,5125
2778,5205
2779,4944
2780,5257
2781,4905
2782,4982
2783,5279
2784,5367
2785,5142
2786,4992
2787,4996
2788,5058
2789,5097
2790,5051
2791,5373
2792,5120
2793,5308
2794,5073
2795,4984
2796,4632
2797,5019
2798,4933
2799,4942
2800,4784
2801,4902
2802,5389
2803,4865
2804,4696
2805,4904
2806,4949
2807,5124
2808,4935
2809,4901
2810,5058
2811,4649
2812,5046
2813,5192
2814,4907
2815,4935
2816,5333
2817,5111
2818,5146
2819,5403
2820,4977
2821,5100
2822,5110
2823,5233
2824,4935
2825,4974
2826,4991
2827,5384
2828,4935
2829,4916
2830,5138
2831,4850
2832,5303
2833,5019
2834,4946
2835,5181
2836,4882
2837,4908
2838,5082
2839,5231
2840,5072
2841,5062
2842,4987
2843,5274
2844,4962
2845,5061
2846,4925
2847,5024
2848,5224
2849,4936
2850,5015
2851,4871
2852,5352
2853,5086
2854,5505
2855,5058
2856,5131
2857,5211
2858,5075
2859,5130
2860,5261
2861,5141
2862,4994
2863,4869
2864,5531
2865,4730
2866,4703
2867,5203
2868,5066
2869,5080
2870,5039
2871,4884
2872,5312
2873,5067
2874,5111
2875,5170
2876,5005
2877,4913
2878,5200
2879,4918
2880,4988
2881,4953
2882,5297
2883,4978
2884,4803
2885,5071
2886,5066
2887,4757
2888,4809
2889,5205
2890,5065
2891,5255
2892,5068
2893,4989
2894,5062
2895,5154
2896,4890
2897,5189
2898,5210
2899,5108
2900,5148
2901,5139
2902,5376
2903,5158
2904,5103
2905,5112
2906,5215
2907,5002
2908,4744
2909,5056
2910,5078
2911,4808
2912,5306
2913,5104
2914,5100
2915,4866
2916,5188
2917,5176
2918,4941
2919,4736
2920,5091
2921,5109
2922,5166
2923,5172
2924,4707
2925,4923
2926,5191
2927,4988
2928,5203
2929,5176
2930,4968
2931,5334
2932,5083
2933,5332
2934,5476
2935,4803
2936,5560
2937,4917
2938,4936
2939,5140
2940,5230
2941,5064
2942,5181
2943,5079
2944,5155
2945,5106
2946,4806
2947,5156
2948,5463
2949,5151
2950,5323
2951,4959
2952,5076
2953,5241
2954,5021
2955,5015
2956,5133
2957,5180
2958,5235
2959,5026
2960,5311
2961,5263
2962,5145
2963,5144
2964,5066
2965,5143
2966,4972
2967,5217
2968,5289
2969,4770
2970,5205
2971,5230
2972,5269
2973,5046
2974,5204
2975,5168
2976,4966
2977,5483
2978,5059
2979,5142
2980,5246
2981,5259
2982,4987
2983,5026
2984,5212
2985,4964
2986,5584
2987,5136
2988,5253
2989,4946
2990,5424
2991,5224
2992,5064
2993,5060
2994,5171
2995,5182
2996,5034
2997,5051
2998,5114
2999,5178
3000,5094
3001,4744
3002,4938
3003,5117
3004,4901
3005,5350
3006,5064
3007,5343
3008,4917
3009,5058
3010,5066
3011,5081
3012,5197
3013,5113
3014,5043
3015,4800
3016,4971
3017,5155
3018,4981
3019,5105
3020,5306
3021,4614
3022,5063
3023,5064
3024,5033
3025,5077
3026,5250
3027,4744
3028,5092
3029,5352
3030,5228
3031,4958
3032,4934
3033,5240
3034,4781
3035,5118
3036,4979
3037,5060
3038,4908
3039,5119
3040,5209
3041,5147
3042,5034
3043,5222
3044,4926
3045,4991
3046,4827
3047,5288
3048,5269
3049,4770
3050,5283
3051,5159
3052,5090
3053,4872
3054,5159
3055,5536
3056,4881
3057,5012
3058,4909
3059,5283
3060,5122
3061,5256
3062,5050
3063,5120
3064,5014
3065,5112
3066,5100
3067,5061
3068,5041
3069,4963
3070,5283
3071,4807
3072,5372
3073,5154
3074,4995
3075,5392
3076,4580
3077,4592
3078,4760
3079,5283
3080,4996
3081,5290
3082,5279
3083,5320
3084,5141
3085,5105
3086,4993
3087,5175
3088,5185
3089,5332
3090,5117
3091,5170
3092,4935
3093,4850
3094,5026
3095,5350
3096,5376
3097,4909
3098,5195
3099,4825
3100,5074
3101,5019
3102,5419
3103,5072
3104,5178
3105,4751
3106,5170
3107,4916
3108,5057
3109,4881
3110,5049
3111,5252
3112,5330
3113,4577
3114,4994
3115,5260
3116,5214
3117,4494
3118,5118
3119,5128
3120,5189
3121,5143
3122,5301
3123,4981
3124,5470
3125,5016
3126,5305
3127,5036
3128,5059
3129,5055
3130,4826
3131,5171
3132,5107
3133,4691
3134,5100
3135,4868
3136,4872
3137,4797
3138,4809
3139,5015
3140,5175
3141,5118
3142,5422
3143,5162
3144,5271
3145,4658
3146,5252
3147,5125
3148,4996
3149,5155
3150,5098
3151,4942
3152,4881
3153,4814
3154,5242
3155,5061
3156,5197
3157,5008
3158,5180
3159,4945
3160,4838
3161,5430
3162,5127
3163,4781
3164,5381
3165,5184
3166,5298
3167,4869
3168,4587
3169,5233
3170,4758
3171,4848
3172,5154
3173,5149
3174,4862
3175,5337
3176,5293
3177,5131
3178,4755
3179,5004
3180,5089
3181,5056
3182,4979
3183,4772
3184,5286
3185,4854
3186,5283
3187,5150
3188,4767
3189,5098
3190,5181
3191,4922
3192,5259
3193,5103
3194,5051
3195,5175
3196,4983
3197,5092
3198,5085
3199,4609
3200,5226
3201,4975
3202,5164
3203,5063
3204,5204
3205,4965
3206,4839
3207,4595
3208,5110
3209,4989
3210,5092
3211,4610
3212,5378
3213,4727
3214,4869
3215,5256
3216,4894
3217,5374
3218,5226
3219,4812
3220,5435
3221,5053
3222,5196
3223,5032
3224,4999
3225,5178
3226,5088
3227,5067
3228,5101
3229,5259
3230,5133
3231,5144
3232,4827
3233,4715
3234,5400
3235,5346
3236,5146
3237,5486
3238,5060
3239,5032
3240,5145
3241,4914
3242,5177
3243,5512
3244,4849
3245,5322
3246,5476
3247,5316
3248,5018
3249,5057
3250,5175
3251,5057
3252,5064
3253,4935
3254,4848
3255,5036
3256,5280
3257,5135
3258,5020
3259,4672
3260,5182
3261,5250
3262,5116
3263,5165
3264,4758
3265,4845
3266,5417
3267,5006
3268,4847
3269,4964
3270,5159
3271,4995
3272,5209
3273,5155
3274,4740
3275,5116
3276,5096
3277,5151
3278,5188
3279,4925
3280,5142
3281,5492
3282,4956
3283,5372
3284,5070
3285,5078
3286,5567
3287,5378
3288,5279
3289,5458
3290,5097
3291,4685
3292,5325
3293,4910
3294,5325
3295,5201
3296,4803
3297,4974
3298,4598
3299,4941
3300,5096
3301,5162
3302,4774
3303,5196
3304,4871
3305,4879
3306,4913
3307,5143
3308,5154
3309,5260
3310,5023
3311,5234
3312,5091
3313,5290
3314,5223
3315,4697
3316,5424
3317,5021
3318,5074
3319,4933
3320,5323
3321,5246
3322,5170
3323,4725
3324,5213
3325,5396
3326,5121
3327,5108
3328,5174
3329,4882
3330,5235
3331,5153
3332,5063
3333,5213
3334,4795
3335,5327
3336,5245
3337,5169
3338,4861
3339,5444
3340,4790
3341,5088
3342,5440
3343,5048
3344,4586
3345,4924
3346,5044
3347,5384
3348,5370
3349,5140
3350,4761
3351,5253
3352,5434
3353,5053
3354,5173
3355,5290
3356,5234
3357,5162
3358,5091
3359,4777
3360,5180
3361,5033
3362,5223
3363,5320
3364,5053
3365,5147
3366,5149
3367,5259
3368,5403
3369,4930
3370,5030
3371,5020
3372,5271
3373,5034
3374,5100
3375,5022
3376,5113
3377,5102
3378,5438
3379,5246
3380,4942
3381,5018
3382,5074
3383,4766
3384,5427
3385,5187
3386,4960
3387,5185
3388,5018
3389,5306
3390,4898
3391,5089
3392,5231
3393,5061
3394,5129
3395,5064
3396,4900
3397,4892
3398,5308
3399,5394
3400,4891
3401,5226
3402,5222
3403,5016
3404,4925
3405,5430
3406,4932
3407,4862
3408,5370
3409,5342
3410,5204
3411,5199
3412,4860
3413,5057
3414,5176
3415,5044
3416,4952
3417,4959
3418,5175
3419,5361
3420,5203
3421,4925
3422,4532
3423,5061
3424,5276
3425,5016
3426,5299
3427,4894
3428,5009
3429,4998
3430,4931
3431,5123
3432,5238
3433,5191
3434,4864
3435,4549
3436,5223
3437,4932
3438,4925
3439,4939
3440,4962
3441,4893
3442,4915
3443,5061
3444,4961
3445,4791
3446,5118
3447,5281
3448,5168
3449,5273
3450,5224
3451,5055
3452,5140
3453,5040
3454,5072
3455,5131
3456,4748
3457,5578
3458,5089
3459,5149
3460,4955
3461,5272
3462,5174
3463,5071
3464,5220
3465,4983
3466,5277
3467,4618
3468,5111
3469,5214
3470,4849
3471,4899
3472,5087
3473,5035
3474,5188
3475,5107
3476,5254
3477,5067
3478,5185
3479,4983
3480,4977
3481,5112
3482,4980
3483,5314
3484,5218
3485,4834
3486,5074
3487,4917
3488,5064
3489,5261
3490,4981
3491,5332
3492,5298
3493,5203
3494,4939
3495,4783
3496,4842
3497,5192
3498,5013
3499,5253
3500,5003
3501,5105
3502,5054
3503,5064
3504,4814
3505,5032
3506,4855
3507,5104
3508,5040
3509,5051
3510,5274
3511,5068
3512,4991
3513,5324
3514,5139
3515,4930
3516,4893
3517,4926
3518,4819
3519,4952
3520,5384
3521,5364
3522,5212
3523,5155
3524,5583
3525,4744
3526,5347
3527,4669
3528,5015
3529,4784
3530,4996
3531,5213
3532,4855
3533,5107
3534,5079
3535,5066
3536,5234
3537,5133
3538,4812
3539,5043
3540,5358
3541,5224
3542,5136
3543,5049
3544,5011
3545,4852
3546,5243
3547,5161
3548,4889
3549,5197
3550,4986
3551,5187
3552,4775
3553,5341
3554,5092
3555,4996
3556,5233
3557,5017
3558,4951
3559,5009
3560,5303
3561,5254
3562,4744
3563,5248
3564,5096
3565,5062
3566,5179
3567,5097
3568,5095
3569,4728
3570,5157
3571,5084
3572,5065
3573,4793
3574,5445
3575,5126
3576,5001
3577,5009
3578,5128
3579,5390
3580,5247
3581,5321
3582,5046
3583,5105
3584,5048
3585,4778
3586,4814
3587,4701
3588,4917
3589,4896
3590,5159
3591,5203
3592,5038
3593,5035
3594,5253
3595,4795
3596,5095
3597,4878
3598,4876
3599,5296
3600,4922
3601,5033
3602,5306
3603,5149
3604,5173
3605,4961
3606,5116
3607,5358
3608,4970
3609,5185
3610,5333
3611,5235
3612,5076
3613,4919
3614,4882
3615,4743
3616,4967
3617,4993
3618,5228
3619,5103
3620,5038
3621,5173
3622,5105
3623,4943
3624,5096
3625,5257
3626,5093
3627,4787
3628,4741
3629,5064
3630,5232
3631,4788
3632,5355
3633,5043
3634,4707
3635,5059
3636,5283
3637,5138
3638,5386
3639,4893
3640,5409
3641,4969
3642,4891
3643,4955
3644,4953
3645,4765
3646,4763
3647,4964
3648,5253
3649,4993
3650,5029
3651,5134
3652,5142
3653,5142
3654,4994
3655,4977
3656,4711
3657,5122
3658,5101
3659,5507
3660,5172
3661,4962
3662,5007
3663,5091
3664,5666
3665,4733
3666,5271
3667,5245
3668,4844
3669,4605
3670,5048
3671,5310
3672,5088
3673,5260
3674,4742
3675,5192
3676,5059
3677,5127
3678,5005
3679,4817
3680,4921
3681,4901
3682,5528
3683,5383
3684,5062
3685,5035
3686,5140
3687,5245
3688,4993
3689,5441
3690,5128
3691,4919
3692,5218
3693,4919
3694,4999
3695,5134
3696,5281
3697,4946
3698,5368
3699,5241
3700,5209
3701,5118
3702,5067
3703,4831
3704,5246
3705,5464
3706,4894
3707,4423
3708,4936
3709,5101
3710,5365
3711,4868
3712,5097
3713,5052
3714,5164
3715,4904
3716,4995
3717,4872
3718,5134
3719,5049
3720,5146
3721,5435
3722,5143
3723,5292
3724,5020
3725,4750
3726,4960
3727,5089
3728,5016
3729,5248
3730,5197
3731,4887
3732,4890
3733,5121
3734,5029
3735,4905
3736,5297
3737,4889
3738,5341
3739,4901
3740,5202
3741,5304
3742,5071
3743,5236
3744,4762
3745,4768
3746,5097
3747,5488
3748,5169
3749,4928
3750,5398
3751,5260
3752,5117
3753,4732
3754,4908
3755,5193
3756,5192
3757,5208
3758,4774
3759,5303
3760,5441
3761,5215
3762,4982
3763,4990
3764,5535
3765,5232
3766,5005
3767,5163
3768,4952
3769,4814
3770,5244
3771,4996
3772,5206
3773,4919
3774,4980
3775,5091
3776,5226
3777,5095
3778,5254
3779,5037
3780,5059
3781,5042
3782,4965
3783,5348
3784,4728
3785,4912
3786,5221
3787,4955
3788,5064
3789,5056
3790,5090
3791,5051
3792,4477
3793,5127
3794,5224
3795,4982
3796,5001
3797,4928
3798,5236
3799,5043
3800,4772
3801,5299
3802,4836
3803,5349
3804,4971
3805,4899
3806,5521
3807,5267
3808,5064
3809,5026
3810,4743
3811,5366
3812,5258
3813,4925
3814,5337
3815,4765
3816,5183
3817,5341
3818,4924
3819,4802
3820,5236
3821,5182
3822,5267
3823,5129
3824,4838
3825,5019
3826,4910
3827,5189
3828,5335
3829,5406
3830,4959
3831,5178
3832,5131
3833,5709
3834,5117
3835,5379
3836,4546
3837,5490
3838,4927
3839,5143
3840,5218
3841,5363
3842,5014
3843,5113
3844,5029
3845,4867
3846,5061
3847,4799
3848,5026
3849,5280
3850,4721
3851,5282
3852,5028
3853,4918
3854,5328
3855,5186
3856,5013
3857,4926
3858,4863
3859,5241
3860,5045
3861,5016
3862,4924
3863,5162
3864,5362
3865,5032
3866,5327
3867,5013
3868,5186
3869,4687
3870,5139
3871,4967
3872,5166
3873,5329
3874,5151
3875,4931
3876,4631
3877,4977
3878,5095
3879,5089
3880,5255
3881,4787
3882,4800
3883,4741
3884,5092
3885,4710
3886,5254
3887,5105
3888,4745
3889,5163
3890,5084
3891,5280
3892,5018
3893,5031
3894,5151
3895,5154
3896,5167
3897,4894
3898,5428
3899,4893
3900,4875
3901,5180
3902,5064
3903,4859
3904,5033
3905,5376
3906,5107
3907,4755
3908,5075
3909,4779
3910,4832
3911,4944
3912,4880
3913,5077
3914,5160
3915,4855
3916,4860
3917,5291
3918,5081
3919,5304
3920,5280
3921,5150
3922,4816
3923,5147
3924,5092
3925,5023
3926,5007
3927,4994
3928,5115
3929,5253
3930,4962
3931,5027
3932,5016
3933,5019
3934,5150
3935,5200
3936,5110
3937,5188
3938,5223
3939,5102
3940,5071
3941,4884
3942,4927
3943,5027
3944,5025
3945,5048
3946,4864
3947,5054
3948,5028
3949,4877
3950,5245
3951,5155
3952,4956
3953,5055
3954,5329
3955,4783
3956,5341
3957,5199
3958,5113
3959,5223
3960,4923
3961,4942
3962,5109
3963,5063
3964,5292
3965,4658
3966,4785
3967,5235
3968,4834
3969,5055
3970,5028
3971,5299
3972,5175
3973,4869
3974,4691
3975,5051
3976,5364
3977,5028
3978,4923
3979,5259
3980,5084
3981,5050
3982,5041
3983,4967
3984,5041
3985,4987
3986,4843
3987,5014
3988,4835
3989,4777
3990,4558
3991,5314
3992,4918
3993,5264
3994,4939
3995,5467
3996,5048
3997,5151
3998,5111
3999,4827
4000,4862
4001,4929
4002,5046
4003,5415
4004,5144
4005,5241
4006,5259
4007,5265
4008,4858
4009,4744
4010,4671
4011,5093
4012,5356
4013,5310
4014,5113
4015,5269
4016,4823
4017,5193
4018,5178
4019,5396
4020,5229
4021,4983
4022,4859
4023,5021
4024,5047
4025,5382
4026,5029
4027,5252
4028,4935
4029,4901
4030,5196
4031,5000
4032,5027
4033,4870
4034,4909
4035,4879
4036,5129
4037,5045
4038,5059
4039,4975
4040,5029
4041,4901
4042,5207
4043,5548
4044,4916
4045,4840
4046,5003
4047,5129
4048,5204
4049,4891
4050,4861
4051,5113
4052,5049
4053,4780
4054,5121
4055,4954
4056,5025
4057,5389
4058,5305
4059,5062
4060,5273
4061,5048
4062,4837
4063,4802
4064,5363
4065,5188
4066,4865
4067,5261
4068,5148
4069,5380
4070,4946
4071,5142
4072,5171
4073,4863
4074,5071
4075,4808
4076,5268
4077,5305
4078,4743
4079,4759
4080,4761
4081,4818
4082,4833
4083,5253
4084,5092
4085,5110
4086,5005
4087,5071
4088,5359
4089,5046
4090,5261
4091,4833
4092,5235
4093,5152
4094,4864
4095,5139
4096,4947
4097,5190
4098,5231
4099,5047
4100,4936
4101,5066
4102,5274
4103,5527
4104,5166
4105,5177
4106,5161
4107,5151
4108,5160
4109,4665
4110,5200
4111,5034
4112,5066
4113,4865
4114,4908
4115,4764
4116,4512
4117,5122
4118,4763
4119,5022
4120,5020
4121,5372
4122,5173
4123,4922
4124,5378
4125,4611
4126,4903
4127,4948
4128,5029
4129,5086
4130,5028
4131,5214
4132,4874
4133,5249
4134,5161
4135,5112
4136,5366
4137,5146
4138,5157
4139,4876
4140,4933
4141,5230
4142,5164
4143,4588
4144,4758
4145,4924
4146,5050
4147,5065
4148,5008
4149,4796
4150,5262
4151,5093
4152,4857
4153,5251
4154,5125
4155,4880
4156,5397
4157,4994
4158,5083
4159,5198
4160,5124
4161,5192
4162,4846
4163,5201
4164,4916
4165,4914
4166,5111
4167,4989
4168,5414
4169,5260
4170,5022
4171,4908
4172,4982
4173,4902
4174,5155
4175,4370
4176,4847
4177,5017
4178,5088
4179,5010
4180,4887
4181,5005
4182,5306
4183,4892
4184,4923
4185,5057
4186,5235
4187,4909
4188,5000
4189,5114
4190,5401
4191,4999
4192,5096
4193,5319
4194,5239
4195,5043
4196,4938
4197,4836
4198,5183
4199,4474
4200,5066
4201,4846
4202,5197
4203,4718
4204,4910
4205,4937
4206,5216
4207,5199
4208,4866
4209,5081
4210,5125
4211,5218
4212,4942
4213,4633
4214,4814
4215,5135
4216,4878
4217,5251
4218,4976
4219,5113
4220,5015
4221,5047
4222,5222
4223,4869
4224,5103
4225,5024
4226,5000
4227,5066
4228,5147
4229,4875
4230,5138
4231,5479
4232,4900
4233,5156
4234,4725
4235,5107
4236,5183
4237,5161
4238,5216
4239,5333
4240,5486
4241,4918
4242,5141
4243,5055
4244,5119
4245,5235
4246,4763
4247,5088
4248,5072
4249,5486
4250,5139
4251,4777
4252,5171
4253,5129
4254,4789
4255,4798
4256,4957
4257,4904
4258,5262
4259,5089
4260,4952
4261,5241
4262,5072
4263,5278
4264,5123
4265,5241
4266,5122
4267,5175
4268,4905
4269,4796
4270,4990
4271,4985
4272,5530
4273,5162
4274,4879
4275,5152
4276,5424
4277,5010
4278,5162
4279,5354
4280,5127
4281,4773
4282,5200
4283,5248
4284,5045
4285,4921
4286,4687
4287,4820
4288,5437
4289,4918
4290,4968
4291,4634
4292,5234
4293,5143
4294,4948
4295,5309
4296,5097
4297,5104
4298,4852
4299,5094
4300,4981
4301,5174
4302,5136
4303,4887
4304,4907
4305,4722
4306,4978
4307,5127
4308,5038
4309,5323
4310,5122
4311,4758
4312,4867
4313,4988
4314,4947
4315,5280
4316,4810
4317,4895
4318,4932
4319,4825
4320,5235
4321,5420
4322,5216
4323,5201
4324,5212
4325,5352
4326,5218
4327,5045
4328,5380
4329,5067
4330,5235
4331,5331
4332,4979
4333,5094
4334,4740
4335,4934
4336,5406
4337,5258
4338,5231
4339,5085
4340,5394
4341,4806
4342,5213
4343,5099
4344,4841
4345,4846
4346,4982
4347,4853
4348,5520
4349,5175
4350,4708
4351,4733
4352,5088
4353,4954
4354,4921
4355,5382
4356,5048
4357,5160
4358,5174
4359,5115
4360,4992
4361,4956
4362,5081
4363,5083
4364,4920
4365,5137
4366,5229
4367,5055
4368,4659
4369,4777
4370,4944
4371,4886
4372,4914
4373,4952
4374,5245
4375,4953
4376,5387
4377,5325
4378,5106
4379,5129
4380,4937
4381,5193
4382,5086
4383,4865
4384,4925
4385,4755
4386,4978
4387,4746
4388,5494
4389,5096
4390,5352
4391,5124
4392,5259
4393,5236
4394,4905
4395,4827
4396,5333
4397,5038
4398,5141
4399,4866
4400,5456
4401,5301
4402,4951
4403,4912
4404,5135
4405,5034
4406,5017
4407,5190
4408,5372
4409,5122
4410,4865
4411,5245
4412,4828
4413,5281
4414,5170
4415,5197
4416,4738
4417,5154
4418,5282
4419,4861
4420,5113
4421,4682
4422,5401
4423,4909
4424,4877
4425,5173
4426,4865
4427,5217
4428,5164
4429,4948
4430,5150
4431,5133
4432,5190
4433,4886
4434,5144
4435,5335
4436,5110
4437,5404
4438,4859
4439,5047
4440,5216
4441,5125
4442,5077
4443,4699
4444,5041
4445,5093
4446,5257
4447,5353
4448,5102
4449,5167
4450,5021
4451,5204
4452,4800
4453,5112
4454,5087
4455,5317
4456,5221
4457,5228
4458,5334
4459,5097
4460,5025
4461,5187
4462,5000
4463,5092
4464,4978
4465,4817
4466,5206
4467,4941
4468,5058
4469,5117
4470,5226
4471,4956
4472,4753
4473,4926
4474,5084
4475,5229
4476,4785
4477,4812
4478,4852
4479,4760
4480,5106
4481,5028
4482,5282
4483,5272
4484,5126
4485,4909
4486,5256
4487,4628
4488,4931
4489,5168
4490,5211
4491,4977
4492,4836
4493,5186
4494,5252
4495,5312
4496,5402
4497,5173
4498,5024
4499,4913
4500,4881
4501,5143
4502,5189
4503,5247
4504,5014
4505,5205
4506,5355
4507,4875
4508,5040
4509,5217
4510,4980
4511,5290
4512,4966
4513,5149
4514,5030
4515,4946
4516,5247
4517,4923
4518,5192
4519,4893
4520,4727
4521,5145
4522,5493
4523,5102
4524,5264
4525,5439
4526,5301
4527,5310
4528,4616
4529,5210
4530,5213
4531,5215
4532,5136
4533,5305
4534,4914
4535,5203
4536,4987
4537,4926
4538,4939
4539,5099
4540,5128
4541,5237
4542,5171
4543,5007
4544,5205
4545,4983
4546,4955
4547,5197
4548,5418
4549,4993
4550,4976
4551,5054
4552,4671
4553,4889
4554,5440
4555,5191
4556,5282
4557,4881
4558,5204
4559,5268
4560,5223
4561,5334
4562,4958
4563,4965
4564,5274
4565,4934
4566,5320
4567,5142
4568,5185
4569,4838
4570,5034
4571,5216
4572,5011
4573,5290
4574,4960
4575,5122
4576,5170
4577,4987
4578,5251
4579,4957
4580,4919
4581,5091
4582,5040
4583,4893
4584,5031
4585,5106
4586,4985
4587,4948
4588,4918
4589,4924
4590,5363
4591,5197
4592,5296
4593,4779
4594,5259
4595,5067
4596,4689
4597,5126
4598,5312
4599,5217
4600,4914
4601,4981
4602,5292
4603,4917
4604,5174
4605,4972
4606,5162
4607,4790
4608,5062
4609,5082
4610,4839
4611,4698
4612,5050
4613,5017
4614,4904
4615,5297
4616,4813
4617,4979
4618,5093
4619,4951
4620,4804
4621,5208
4622,5121
4623,5188
4624,5017
4625,5323
4626,4908
4627,5088
4628,5022
4629,5046
4630,5327
4631,5201
4632,5065
4633,4872
4634,5494
4635,4923
4636,5039
4637,4922
4638,4724
4639,5150
4640,4985
4641,5055
4642,5196
4643,4903
4644,5211
4645,5160
4646,4837
4647,5239
4648,4931
4649,4890
4650,5131
4651,5413
4652,4980
4653,5181
4654,4919
4655,4969
4656,4991
4657,5158
4658,4940
4659,4856
4660,5223
4661,5507
4662,4920
4663,5181
4664,4990
4665,4609
4666,5011
4667,4989
4668,4914
4669,4896
4670,5086
4671,4983
4672,5301
4673,5002
4674,4826
4675,4977
4676,4695
4677,4997
4678,5269
4679,4829
4680,5036
4681,5038
4682,4769
4683,5108
4684,5367
4685,5236
4686,5075
4687,4982
4688,5228
4689,5004
4690,4842
4691,5307
4692,4724
4693,5078
4694,4933
4695,4990
4696,5052
4697,4987
4698,5232
4699,4795
4700,5200
4701,4994
4702,4970
4703,4871
4704,4666
4705,5092
4706,5013
4707,5218
4708,4763
4709,5623
4710,4945
4711,5074
4712,5220
4713,5298
4714,5098
4715,5245
4716,5212
4717,5096
4718,5154
4719,4882
4720,5037
4721,5240
4722,5158
4723,5366
4724,5014
4725,5037
4726,5237
4727,5342
4728,5080
4729,5077
4730,5084
4731,4831
4732,5190
4733,5177
4734,5120
4735,5182
4736,4914
4737,4953
4738,5382
4739,4817
4740,4942
4741,5200
4742,4797
4743,4894
4744,5193
4745,5301
4746,4896
4747,5070
4748,5319
4749,4860
4750,5206
4751,4942
4752,5327
4753,5107
4754,4954
4755,5229
4756,4965
4757,5090
4758,5137
4759,5166
4760,5017
4761,5089
4762,5020
4763,5294
4764,4972
4765,4987
4766,5152
4767,5101
4768,4836
4769,5216
4770,5022
4771,4585
4772,5100
4773,4700
4774,5060
4775,5053
4776,5115
4777,4770
4778,5333
4779,5046
4780,5434
4781,5298
4782,5138
4783,5162
4784,5398
4785,4826
4786,5150
4787,5124
4788,5078
4789,5197
4790,5132
4791,5183
4792,4941
4793,4996
4794,5030
4795,5207
4796,4972
4797,4854
4798,5058
4799,4986
4800,5224
4801,5115
4802,5129
4803,5230
4804,5133
4805,4909
4806,5483
4807,5159
4808,5543
4809,4547
4810,5062
4811,4943
4812,5119
4813,4939
4814,4962
4815,5017
4816,5089
4817,5198
4818,5196
4819,5360
4820,5022
4821,4746
4822,4786
4823,5215
4824,5185
4825,4882
4826,5294
4827,5095
4828,5435
4829,5172
4830,5148
4831,4953
4832,5493
4833,4988
4834,4984
4835,4920
4836,4939
4837,5051
4838,5284
4839,5083
4840,4902
4841,5229
4842,5378
4843,5024
4844,4984
4845,4963
4846,5214
4847,5130
4848,4993
4849,4817
4850,5045
4851,4796
4852,4864
4853,5149
4854,5174
4855,4972
4856,5043
4857,5031
4858,5021
4859,5009
4860,5071
4861,5142
4862,4686
4863,5253
4864,4997
4865,4892
4866,5261
4867,4707
4868,4903
4869,5165
4870,4781
4871,5312
4872,5375
4873,5195
4874,5171
4875,5160
4876,4921
4877,4968
4878,5043
4879,5228
4880,4945
4881,5250
4882,4808
4883,5050
4884,4934
4885,4921
4886,4947
4887,5114
4888,4740
4889,5176
4890,5028
4891,5173
4892,4888
4893,5168
4894,5067
4895,4912
4896,5047
4897,4677
4898,5098
4899,5188
4900,4715
4901,4729
4902,5527
4903,5094
4904,5104
4905,5501
4906,4926
4907,5404
4908,5039
4909,4765
4910,5234
4911,4685
4912,5219
4913,5023
4914,5232
4915,4988
4916,5062
4917,5096
4918,5160
4919,5282
4920,4936
4921,5048
4922,5412
4923,5000
4924,4970
4925,4895
4926,5037
4927,5083
4928,5183
4929,4974
4930,4969
4931,4795
4932,5112
4933,4936
4934,5315
4935,5183
4936,5207
4937,4902
4938,5155
4939,5009
4940,4929
4941,5205
4942,5127
4943,5521
4944,4852
4945,4887
4946,5072
4947,4976
4948,5046
4949,5134
4950,5315
4951,5262
4952,5040
4953,4952
4954,5348
4955,4770
4956,5133
4957,4737
4958,4832
4959,5037
4960,5042
4961,5052
4962,5007
4963,4692
4964,5047
4965,5041
4966,5221
4967,4916
4968,5168
4969,4925
4970,5092
4971,5206
4972,4945
4973,5132
4974,4948
4975,5285
4976,5102
4977,5073
4978,5375
4979,4985
4980,4927
4981,4630
4982,4974
4983,5037
4984,4987
4985,4970
4986,4997
4987,5160
4988,5491
4989,5187
4990,4717
4991,5307
4992,5128
4993,4903
4994,5367
4995,5089
4996,5008
4997,4979
4998,5107
4999,4886
5000,5032
5001,4876
5002,5052
5003,5037
5004,4830
5005,4800
5006,5109
5007,5455
5008,4949
5009,4904
5010,5163
5011,4844
5012,5179
5013,4932
5014,4806
5015,5078
5016,4928
5017,5208
5018,4857
5019,4677
5020,4775
5021,5364
5022,4856
5023,5249
5024,5361
5025,4953
5026,4912
5027,4912
5028,4931
5029,5121
5030,5205
5031,4937
5032,4824
5033,4795
5034,4804
5035,5315
5036,4881
5037,5039
5038,5144
5039,5011
5040,5119
5041,5047
5042,4769
5043,5557
5044,4859
5045,5163
5046,5186
5047,5075
5048,5285
5049,5020
5050,5201
5051,5351
5052,5363
5053,4781
5054,4837
5055,4920
5056,5179
5057,4948
5058,5023
5059,5111
5060,5189
5061,5184
5062,4912
5063,5002
5064,5209
5065,5286
5066,4793
5067,5023
5068,5001
5069,5031
5070,5217
5071,5168
5072,4921
5073,5020
5074,5081
5075,5193
5076,5346
5077,4949
5078,4869
5079,4848
5080,4884
5081,5134
5082,5021
5083,4998
5084,4892
5085,5070
5086,5090
5087,5358
5088,5326
5089,5306
5090,4847
5091,4711
5092,5240
5093,5496
5094,5042
5095,5242
5096,4949
5097,4930
5098,4748
5099,4786
5100,5145
5101,4968
5102,4520
5103,5469
5104,5005
5105,5260
5106,4887
5107,4974
5108,5295
5109,5101
5110,5160
5111,5092
5112,4441
5113,5536
5114,4942
5115,5077
5116,5033
5117,5086
5118,4857
5119,5188
5120,5148
5121,4880
5122,4923
5123,5120
5124,5360
5125,5007
5126,5086
5127,4667
5128,5120
5129,5109
5130,4943
5131,5014
5132,5043
5133,5088
5134,5276
5135,5239
5136,5395
5137,4876
5138,5229
5139,5214
5140,5084
5141,5039
5142,5048
5143,5163
5144,5408
5145,4850
5146,4937
5147,5066
5148,5153
5149,5229
5150,5140
5151,4692
5152,4855
5153,5138
5154,5149
5155,5150
5156,4716
5157,5169
5158,4873
5159,5070
5160,5375
5161,5118
5162,4783
5163,4725
5164,5340
5165,4697
5166,4989
5167,4917
5168,5103
5169,4965
5170,5121
5171,4860
5172,4838
5173,5038
5174,5175
5175,4709
5176,5394
5177,4960
5178,5172
5179,5304
5180,5016
5181,5026
5182,5129
5183,5145
5184,5254
5185,5092
5186,4983
5187,5080
5188,5038
5189,5079
5190,5278
5191,5297
5192,5045
5193,5264
5194,5090
5195,5330
5196,5406
5197,5263
5198,5332
5199,5029
5200,5053
5201,4958
5202,5051
5203,5041
5204,5304
5205,5232
5206,4998
5207,5377
5208,5258
5209,5272
5210,5111
5211,4672
5212,4815
5213,5130
5214,4832
5215,5196
5216,4941
5217,5155
5218,4936
5219,5371
5220,5165
5221,4957
5222,5030
5223,5175
5224,5224
5225,5142
5226,5300
5227,5188
5228,5072
5229,4667
5230,4916
5231,5230
5232,4822
5233,4898
5234,5116
5235,4740
5236,4938
5237,4849
5238,5277
5239,4893
5240,4987
5241,5129
5242,4932
5243,5267
5244,5129
5245,4994
5246,5314
5247,4882
5248,5120
5249,5218
5250,4833
5251,5233
5252,4904
5253,4956
5254,4691
5255,5024
5256,5038
5257,4873
5258,5179
5259,5139
5260,5080
5261,4985
5262,4851
5263,4866
5264,4854
5265,5171
5266,5156
5267,5192
5268,5226
5269,4842
5270,5343
5271,5122
5272,4828
5273,4842
5274,5130
5275,5136
5276,5226
5277,4872
5278,4636
5279,5427
5280,4982
5281,4984
5282,4984
5283,5241
5284,4845
5285,5091
5286,5509
5287,4972
5288,5187
5289,5058
5290,4890
5291,5097
5292,5168
5293,5091
5294,5098
5295,4984
5296,5322
5297,5203
5298,5216
5299,4959
5300,4896
5301,4940
5302,5010
5303,5275
5304,5006
5305,4642
5306,5244
5307,5372
5308,4799
5309,5373
5310,5108
5311,4785
5312,4811
5313,4743
5314,4946
5315,4909
5316,4952
5317,5064
5318,5195
5319,4878
5320,4906
5321,4928
5322,4998
5323,4922
5324,5025
5325,5210
5326,4755
5327,4698
5328,5024
5329,5107
5330,5405
5331,5385
5332,4991
5333,5129
5334,4807
5335,4935
5336,4997
5337,5082
5338,4934
5339,5130
5340,5172
5341,4854
5342,5292
5343,4907
5344,4940
5345,4998
5346,5033
5347,4919
5348,4810
5349,5246
5350,5114
5351,4907
5352,5162
5353,5176
5354,5191
5355,4869
5356,5023
5357,5071
5358,5110
5359,5316
5360,5314
5361,4978
5362,4884
5363,4837
5364,5405
5365,5160
5366,4931
5367,5061
5368,4735
5369,4938
5370,5127
5371,4958
5372,5004
5373,5198
5374,5293
5375,5214
5376,4796
5377,4813
5378,4942
5379,4959
5380,5038
5381,5082
5382,5236
5383,5267
5384,5016
5385,5187
5386,4790
5387,4945
5388,4911
5389,4885
5390,5030
5391,4936
5392,4620
5393,5072
5394,5257
5395,4544
5396,5145
5397,4931
5398,5188
5399,5103
5400,5125
5401,5005
5402,5119
5403,4797
5404,4984
5405,5112
5406,5175
5407,5033
5408,4511
5409,4907
5410,5191
5411,5162
5412,5122
5413,5137
5414,4831
5415,4963
5416,4871
5417,5218
5418,5086
5419,5440
5420,4813
5421,5052
5422,4704
5423,4874
5424,5004
5425,5057
5426,4997
5427,4893
5428,4977
5429,4876
5430,5341
5431,5225
5432,5008
5433,5040
5434,5069
5435,5481
5436,4877
5437,5349
5438,5414
5439,5316
5440,4931
5441,5404
5442,4862
5443,4984
5444,5262
5445,4973
5446,5221
5447,5127
5448,4891
5449,4887
5450,5084
5451,4945
5452,5022
5453,4944
5454,4993
5455,5273
5456,5043
5457,5087
5458,5066
5459,4831
5460,5246
5461,5364
5462,5197
5463,4993
5464,5020
5465,5082
5466,5109
5467,4914
5468,4980
5469,5073
5470,4936
5471,5217
5472,4935
5473,4857
5474,5251
5475,5106
5476,5024
5477,4746
5478,4772
5479,5027
5480,5035
5481,5051
5482,5130
5483,5019
5484,5005
5485,5044
5486,4927
5487,5181
5488,5288
5489,4872
5490,5116
5491,5018
5492,5155
5493,5302
5494,5101
5495,4981
5496,5013
5497,4986
5498,5146
5499,5201
5500,5131
5501,5073
5502,4844
5503,5217
5504,5034
5505,4930
5506,5058
5507,4893
5508,4807
5509,5224
5510,4734
5511,5284
5512,4645
5513,5215
5514,5263
5515,4978
5516,4934
5517,5482
5518,5433
5519,4815
5520,4767
5521,5229
5522,5309
5523,5290
5524,5272
5525,5338
5526,5360
5527,5027
5528,5363
5529,5183
5530,5252
5531,5207
5532,4995
5533,4845
5534,5131
5535,5520
5536,5268
5537,5031
5538,5202
5539,4967
5540,5095
5541,5061
5542,5108
5543,5007
5544,4902
5545,5159
5546,5169
5547,5149
5548,4978
5549,5308
5550,4780
5551,4966
5552,4955
5553,5207
5554,5131
5555,5370
5556,5322
5557,5140
5558,4783
5559,5161
5560,4953
5561,5036
5562,5164
5563,4945
5564,5235
5565,5048
5566,5077
5567,4774
5568,4952
5569,5016
5570,5063
5571,4843
5572,5038
5573,5038
5574,5199
5575,4979
5576,5444
5577,4655
5578,4993
5579,5191
5580,5005
5581,4957
5582,4845
5583,5257
5584,5075
5585,5031
5586,5170
5587,5534
5588,5236
5589,5058
5590,5356
5591,5229
5592,5455
5593,5259
5594,5353
5595,5250
5596,4819
5597,4938
5598,5116
5599,5175
5600,5362
5601,5061
5602,5051
5603,5052
5604,5164
5605,4960
5606,5141
5607,5161
5608,4814
5609,5003
5610,5002
5611,4901
5612,5421
5613,4850
5614,4841
5615,5124
5616,4986
5617,5366
5618,4848
5619,5100
5620,5436
5621,5147
5622,5249
5623,5022
5624,5242
5625,4878
5626,5125
5627,5043
5628,5161
5629,4913
5630,5225
5631,5121
5632,5141
5633,5145
5634,4856
5635,4731
5636,5195
5637,4964
5638,4867
5639,5190
5640,4953
5641,5169
5642,5155
5643,5439
5644,5037
5645,5251
5646,5239
5647,4752
5648,4630
5649,4707
5650,4969
5651,4856
5652,4624
5653,5071
5654,5353
5655,5198
5656,5340
5657,5002
5658,4834
5659,5402
5660,5037
5661,5136
5662,4858
5663,4908
5664,5137
5665,4872
5666,5304
5667,4993
5668,5307
5669,5026
5670,4919
5671,5045
5672,5019
5673,5051
5674,4752
5675,5181
5676,4980
5677,4751
5678,5588
5679,5057
5680,5098
5681,5380
5682,5250
5683,5070
5684,5296
5685,4893
5686,4922
5687,4849
5688,4989
5689,4928
5690,4907
5691,5129
5692,5203
5693,4795
5694,4664
5695,4687
5696,5038
5697,5164
5698,5096
5699,5081
5700,5405
5701,4880
5702,4850
5703,4883
5704,5317
5705,4875
5706,5211
5707,4984
5708,4833
5709,4871
5710,4844
5711,4995
5712,4717
5713,4927
5714,5286
5715,5199
5716,4774
5717,4806
5718,5018
5719,5206
5720,4979
5721,5058
5722,5177
5723,5182
5724,5275
5725,5044
5726,4706
5727,5344
5728,4741
5729,4931
5730,4578
5731,5186
5732,5218
5733,5033
5734,5510
5735,5073
5736,4750
5737,5259
5738,4785
5739,5127
5740,4955
5741,5728
5742,4847
5743,4939
5744,4968
5745,5120
5746,5195
5747,5360
5748,5051
5749,5030
5750,5348
5751,5226
5752,5421
5753,5226
5754,4909
5755,4888
5756,5099
5757,4933
5758,4950
5759,5164
5760,4842
5761,5466
5762,5341
5763,4963
5764,4841
5765,5208
5766,4875
5767,5189
5768,5026
5769,4847
5770,4992
5771,5099
5772,5447
5773,4991
5774,4855
5775,5135
5776,5359
5777,5004
5778,5069
5779,5093
5780,5309
5781,5104
5782,5130
5783,5049
5784,4980
5785,5238
5786,4971
5787,4966
5788,4945
5789,4988
5790,4929
5791,4955
5792,4874
5793,5122
5794,5099
5795,4885
5796,4704
5797,5181
5798,5201
5799,5213
5800,5094
5801,4767
5802,5187
5803,5217
5804,4684
5805,4914
5806,4963
5807,5071
5808,5146
5809,5266
5810,5109
5811,5074
5812,4804
5813,5074
5814,5242
5815,4901
5816,4932
5817,4963
5818,5366
5819,4840
5820,5172
5821,5165
5822,5028
5823,4887
5824,5315
5825,5027
5826,4987
5827,4813
5828,5309
5829,5080
5830,5303
5831,5167
5832,4908
5833,4974
5834,4845
5835,5303
5836,4892
5837,5104
5838,5302
5839,4905
5840,5283
5841,5358
5842,4932
5843,5364
5844,5080
5845,4506
5846,5040
5847,4787
5848,4743
5849,4802
5850,5098
5851,4877
5852,5284
5853,5199
5854,5096
5855,4699
5856,5326
5857,4960
5858,5149
5859,5020
5860,5027
5861,4888
5862,5181
5863,5074
5864,5036
5865,5187
5866,4764
5867,4927
5868,4878
5869,5201
5870,4990
5871,4454
5872,5211
5873,5030
5874,5069
5875,5153
5876,5144
5877,5374
5878,4859
5879,5103
5880,5267
5881,4668
5882,4868
5883,5070
5884,5016
5885,5484
5886,4994
5887,5004
5888,5111
5889,4724
5890,4919
5891,4821
5892,4830
5893,4973
5894,4993
5895,4832
5896,5208
5897,4917
5898,5083
5899,5351
5900,4982
5901,4986
5902,5068
5903,4645
5904,5036
5905,4714
5906,5451
5907,5488
5908,5416
5909,5199
5910,4650
5911,4943
5912,5278
5913,4831
5914,5217
5915,5198
5916,5214
5917,5004
5918,4896
5919,5057
5920,5287
5921,5069
5922,5243
5923,5246
5924,5186
5925,5260
5926,5394
5927,5226
5928,5072
5929,5046
5930,5099
5931,5265
5932,5182
5933,4761
5934,4850
5935,5319
5936,4942
5937,4832
5938,5103
5939,5277
5940,4949
5941,4993
5942,4984
5943,4811
5944,5135
5945,5607
5946,4933
5947,4865
5948,5113
5949,4850
5950,5080
5951,5060
5952,5029
5953,5443
5954,5278
5955,5283
5956,5172
5957,4821
5958,5079
5959,5181
5960,5417
5961,5001
5962,4970
5963,5157
5964,5062
5965,4922
5966,5004
5967,5191
5968,4911
5969,4984
5970,5144
5971,4887
5972,4978
5973,4871
5974,5219
5975,5081
5976,4692
5977,5323
5978,4775
5979,5185
5980,5289
5981,5058
5982,5384
5983,4701
5984,5190
5985,5294
5986,5064
5987,4956
5988,5188
5989,5199
5990,5099
5991,5116
5992,4916
5993,5322
5994,4904
5995,4982
5996,4802
5997,5004
5998,5203
5999,5136
6000,5084
6001,4862
6002,5143
6003,5306
6004,5210
6005,4824
6006,5006
6007,5002
6008,5029
6009,5150
6010,5099
6011,4947
6012,5133
6013,4631
6014,4825
6015,4905
6016,5430
6017,4926
6018,5020
6019,5109
6020,4914
6021,5262
6022,4907
6023,5040
6024,5187
6025,5441
6026,5155
6027,4682
6028,5362
6029,5108
6030,5569
6031,5140
6032,5010
6033,4930
6034,5049
6035,5464
6036,5088
6037,4761
6038,5137
6039,4900
6040,5276
6041,5141
6042,5246
6043,4912
6044,4833
6045,4917
6046,5135
6047,4948
6048,5238
6049,5175
6050,5259
6051,5070
6052,5195
6053,5215
6054,5201
6055,5434
6056,5318
6057,5034
6058,4868
6059,4878
6060,4941
6061,4786
6062,4770
6063,5226
6064,4972
6065,4887
6066,5096
6067,5012
6068,5199
6069,5047
6070,5080
6071,4975
6072,4956
6073,5224
6074,4919
6075,5230
6076,5136
6077,5052
6078,5401
6079,4743
6080,5376
6081,5022
6082,5196
6083,5040
6084,4826
6085,4830
6086,4980
6087,4981
6088,5100
6089,5029
6090,5165
6091,4820
6092,5043
6093,4947
6094,5101
6095,5143
6096,5217
6097,4832
6098,4949
6099,5050
6100,5061
6101,5117
6102,4983
6103,4720
6104,4993
6105,4906
6106,4935
6107,5239
6108,4652
6109,4878
6110,5118
6111,4759
6112,5146
6113,5016
6114,5053
6115,4790
6116,5114
6117,5209
6118,4605
6119,4682
6120,4787
6121,4855
6122,5091
6123,4893
6124,4954
6125,5126
6126,5352
6127,5276
6128,5095
6129,5066
6130,4998
6131,4750
6132,5187
6133,4742
6134,5349
6135,5145
6136,5152
6137,4925
6138,5020
6139,4992
6140,5233
6141,5054
6142,4996
6143,5122
6144,5189
6145,5004
6146,4997
6147,5286
6148,5119
6149,5422
6150,4862
6151,5242
6152,5327
6153,5340
6154,5037
6155,5274
6156,5057
6157,5328
6158,5101
6159,5266
6160,5156
6161,5008
6162,4824
6163,4824
6164,5102
6165,4946
6166,5084
6167,5234
6168,4571
6169,5121
6170,5173
6171,5252
6172,4937
6173,5377
6174,4964
6175,5165
6176,4858
6177,5343
6178,5281
6179,5011
6180,5301
6181,5003
6182,5090
6183,5116
6184,5351
6185,5011
6186,4978
6187,4557
6188,5173
6189,5154
6190,4773
6191,4901
6192,5122
6193,5401
6194,5039
6195,4946
6196,5149
6197,4882
6198,5120
6199,5433
6200,4954
6201,4579
6202,4915
6203,4916
6204,4994
6205,5009
6206,4760
6207,5272
6208,4337
6209,5295
6210,5260
6211,4839
6212,4892
6213,4982
6214,5221
6215,5211
6216,4907
6217,4618
6218,5130
6219,5031
6220,5121
6221,4620
6222,4677
6223,5429
6224,4972
6225,5064
6226,5257
6227,4734
6228,5016
6229,5361
6230,5222
6231,5295
6232,4962
6233,4935
6234,4663
6235,4835
6236,4917
6237,4936
6238,5015
6239,5635
6240,5266
6241,5200
6242,5165
6243,4967
6244,4793
6245,5102
6246,5020
6247,5198
6248,5081
6249,5066
6250,4961
6251,4873
6252,4792
6253,5253
6254,5166
6255,5230
6256,5216
6257,5290
6258,5287
6259,4943
6260,5053
6261,5100
6262,4931
6263,4998
6264,4926
6265,4746
6266,5032
6267,4656
6268,5084
6269,5262
6270,5149
6271,5066
6272,4599
6273,4986
6274,5202
6275,5131
6276,4875
6277,5196
6278,5017
6279,5253
6280,5259
6281,4647
6282,5118
6283,5164
6284,4815
6285,5197
6286,5267
6287,5268
6288,4924
6289,4708
6290,5390
6291,5069
6292,4823
6293,4733
6294,5031
6295,4689
6296,5243
6297,5108
6298,4931
6299,5033
6300,5106
6301,4754
6302,5086
6303,4722
6304,5204
6305,5034
6306,5208
6307,4922
6308,4842
6309,4988
6310,5008
6311,5135
6312,4995
6313,5118
6314,4922
6315,5222
6316,5506
6317,4972
6318,5238
6319,5001
6320,4954
6321,4760
6322,4821
6323,4849
6324,4981
6325,5336
6326,4943
6327,5116
6328,4999
6329,5050
6330,5036
6331,4932
6332,5087
6333,5085
6334,5293
6335,5202
6336,4572
6337,4896
6338,5340
6339,4797
6340,5046
6341,5072
6342,5036
6343,5127
6344,5309
6345,5184
6346,5278
6347,5074
6348,5083
6349,4932
6350,5309
6351,4779
6352,5324
6353,4870
6354,5041
6355,5117
6356,5132
6357,5029
6358,5011
6359,5370
6360,4935
6361,4945
6362,5180
6363,5058
6364,4665
6365,4775
6366,5268
6367,5170
6368,5053
6369,5212
6370,4791
6371,5048
6372,5083
6373,5067
6374,5173
6375,5233
6376,5259
6377,5083
6378,5127
6379,5057
6380,4882
6381,5405
6382,5074
6383,4897
6384,4719
6385,4750
6386,5208
6387,5299
6388,5067
6389,4928
6390,5093
6391,5002
6392,4834
6393,4992
6394,4668
6395,5073
6396,5147
6397,5083
6398,4651
6399,5037
6400,4950
6401,4966
6402,4783
6403,5062
6404,4808
6405,5124
6406,4869
6407,4807
6408,4910
6409,4935
6410,5199
6411,4997
6412,4664
6413,5258
6414,4838
6415,4888
6416,5199
6417,4961
6418,5464
6419,5257
6420,4725
6421,5111
6422,4835
6423,4522
6424,5197
6425,5049
6426,5177
6427,4954
6428,4928
6429,5099
6430,5190
6431,5544
6432,5186
6433,5130
6434,5406
6435,4724
6436,5168
6437,5174
6438,5123
6439,4735
6440,5065
6441,5012
6442,5085
6443,5070
6444,4728
6445,5067
6446,5404
6447,4905
6448,4918
6449,5002
6450,5333
6451,5078
6452,5197
6453,5222
6454,5435
6455,5033
6456,4925
6457,5262
6458,5062
6459,4873
6460,5098
6461,5001
6462,4709
6463,4778
6464,5173
6465,5031
6466,4959
6467,5282
6468,5124
6469,5362
6470,5181
6471,5446
6472,5043
6473,5082
6474,5153
6475,5098
6476,5232
6477,5257
6478,5219
6479,5204
6480,4933
6481,4816
6482,5423
6483,5279
6484,4926
6485,5263
6486,4894
6487,5072
6488,4882
6489,4949
6490,5080
6491,4939
6492,5120
6493,4803
6494,4955
6495,4896
6496,5459
6497,4749
6498,5114
6499,4975
6500,5244
6501,5016
6502,5209
6503,4996
6504,5072
6505,4991
6506,5266
6507,4982
6508,5015
6509,4916
6510,5255
6511,5014
6512,5015
6513,4879
6514,5293
6515,5452
6516,5067
6517,5120
6518,4744
6519,5025
6520,5362
6521,5065
6522,5294
6523,4745
6524,4903
6525,5053
6526,5106
6527,5100
6528,5024
6529,5197
6530,5339
6531,5025
6532,4916
6533,4793
6534,5039
6535,5246
6536,4999
6537,4695
6538,5005
6539,4981
6540,5001
6541,4971
6542,4985
6543,4921
6544,4976
6545,4934
6546,5091
6547,5378
6548,4788
6549,5188
6550,5146
6551,5257
6552,5020
6553,5099
6554,5102
6555,4899
6556,5112
6557,5322
6558,5031
6559,5176
6560,4649
6561,5053
6562,4976
6563,5212
6564,4900
6565,5075
6566,5073
6567,5111
6568,4823
6569,5606
6570,4884
6571,5095
6572,5355
6573,4974
6574,5131
6575,5116
6576,5196
6577,4949
6578,4757
6579,5115
6580,5052
6581,4795
6582,5065
6583,4757
6584,5151
6585,5044
6586,5245
6587,5270
6588,5216
6589,4973
6590,5106
6591,4841
6592,4681
6593,4693
6594,5235
6595,4502
6596,4979
6597,5086
6598,4756
6599,4760
6600,5174
6601,5276
6602,4774
6603,4686
6604,5133
6605,4856
6606,5105
6607,5075
6608,4540
6609,5031
6610,5091
6611,5427
6612,5076
6613,5429
6614,4966
6615,5039
6616,4773
6617,5332
6618,5284
6619,5347
6620,4964
6621,5138
6622,4715
6623,5075
6624,4955
6625,5265
6626,4905
6627,5184
6628,4755
6629,5337
6630,5091
6631,4909
6632,4919
6633,4934
6634,5382
6635,4635
6636,4882
6637,5294
6638,4971
6639,5214
6640,5389
6641,5086
6642,5094
6643,5095
6644,4660
6645,4980
6646,4810
6647,5123
6648,5040
6649,4696
6650,5168
6651,5059
6652,4928
6653,4935
6654,5062
6655,4962
6656,5138
6657,5455
6658,4949
6659,4853
6660,5149
6661,5030
6662,4757
6663,4859
6664,4853
6665,5079
6666,4935
6667,4730
6668,4831
6669,5131
6670,5057
6671,5058
6672,5067
6673,5179
6674,5116
6675,5440
6676,5336
6677,5232
6678,4999
6679,4840
6680,4851
6681,4995
6682,5266
6683,5074
6684,4957
6685,5124
6686,4916
6687,5123
6688,5265
6689,5402
6690,5070
6691,4718
6692,5201
6693,5047
6694,5328
6695,4776
6696,4896
6697,5354
6698,5045
6699,4780
6700,5079
6701,5161
6702,5322
6703,4497
6704,5261
6705,4590
6706,5054
6707,5244
6708,5028
6709,5065
6710,5292
6711,5171
6712,4966
6713,4890
6714,4941
6715,5106
6716,5067
6717,4806
6718,4977
6719,4815
6720,5274
6721,4964
6722,5173
6723,5337
6724,5023
6725,4759
6726,5027
6727,4854
6728,4910
6729,4857
6730,4740
6731,4910
6732,5150
6733,5128
6734,4841
6735,4630
6736,5220
6737,5621
6738,4630
6739,5163
6740,4966
6741,5173
6742,5078
6743,4810
6744,4792
6745,5274
6746,5350
6747,5026
6748,5020
6749,5361
6750,5312
6751,4974
6752,4910
6753,4779
6754,5173
6755,4966
6756,5040
6757,5268
6758,5051
6759,4782
6760,5069
6761,4922
6762,4886
6763,5162
6764,5256
6765,5130
6766,5064
6767,4946
6768,4930
6769,5208
6770,5090
6771,5706
6772,4874
6773,5330
6774,5161
6775,5375
6776,5055
6777,4931
6778,4884
6779,5131
6780,5206
6781,5032
6782,5103
6783,4738
6784,5040
6785,5257
6786,4758
6787,5154
6788,5151
6789,5109
6790,4954
6791,5296
6792,5093
6793,5201
6794,4843
6795,5139
6796,4935
6797,4906
6798,5312
6799,4822
6800,5324
6801,5182
6802,5369
6803,5157
6804,5069
6805,5144
6806,5180
6807,5106
6808,4852
6809,5160
6810,4887
6811,4782
6812,5045
6813,5174
6814,5055
6815,5088
6816,5274
6817,4856
6818,5125
6819,5210
6820,5131
6821,4876
6822,4777
6823,5105
6824,4835
6825,4711
6826,5118
6827,5228
6828,5119
6829,4897
6830,5025
6831,5091
6832,4989
6833,5012
6834,4933
6835,4770
6836,5083
6837,5376
6838,5060
6839,4915
6840,5373
6841,4747
6842,5250
6843,4800
6844,5243
6845,5278
6846,5259
6847,5163
6848,5039
6849,5207
6850,5047
6851,5002
6852,4855
6853,5130
6854,4962
6855,4957
6856,5172
6857,5021
6858,4851
6859,4893
6860,4898
6861,5089
6862,5066
6863,5255
6864,5042
6865,5238
6866,4926
6867,4921
6868,4997
6869,5073
6870,5308
6871,4994
6872,5121
6873,5685
6874,4968
6875,5052
6876,4784
6877,4919
6878,5221
6879,5205
6880,5101
6881,5295
6882,5358
6883,4797
6884,4981
6885,4945
6886,4950
6887,5450
6888,5151
6889,5015
6890,5250
6891,5221
6892,5244
6893,5111
6894,4907
6895,5008
6896,4908
6897,4950
6898,5248
6899,5046
6900,4985
6901,4724
6902,4997
6903,5080
6904,4965
6905,5084
6906,5063
6907,5529
6908,4936
6909,5184
6910,4954
6911,4724
6912,5330
6913,4765
6914,5149
6915,4936
6916,4753
6917,5264
6918,5009
6919,4917
6920,5116
6921,5159
6922,5299
6923,4836
6924,5084
6925,5283
6926,5011
6927,4830
6928,5147
6929,5220
6930,5288
6931,5044
6932,4949
6933,5472
6934,4847
6935,5155
6936,5068
6937,5189
6938,5045
6939,4986
6940,5082
6941,4990
6942,5180
6943,4602
6944,5085
6945,5051
6946,5150
6947,5053
6948,4773
6949,5296
6950,4989
6951,4952
6952,5155
6953,5241
6954,4774
6955,5198
6956,5269
6957,5031
6958,4987
6959,4807
6960,4841
6961,4964
6962,4912
6963,4862
6964,4973
6965,5120
6966,4875
6967,5128
6968,5041
6969,4673
6970,5496
6971,5185
6972,4774
6973,5227
6974,4967
6975,5019
6976,5180
6977,4993
6978,5176
6979,5125
6980,5177
6981,5012
6982,5181
6983,5467
6984,5508
6985,5269
6986,4989
6987,4880
6988,4915
6989,5307
6990,5145
6991,5323
6992,5227
6993,5026
6994,5203
6995,5008
6996,4990
6997,5092
6998,5229
6999,5180
7000,5084
7001,5355
7002,4920
7003,5002
7004,5219
7005,4882
7006,5269
7007,4582
7008,5016
7009,5026
7010,5069
7011,4841
7012,5029
7013,4685
7014,4691
7015,5400
7016,4860
7017,5116
7018,4919
7019,5396
7020,5229
7021,5001
7022,5211
7023,4887
7024,5087
7025,5078
7026,4919
7027,5054
7028,5048
7029,4970
7030,4951
7031,4804
7032,4707
7033,5252
7034,4798
7035,5440
7036,5076
7037,5276
7038,4945
7039,5094
7040,4912
7041,4841
7042,5166
7043,4998
7044,5143
7045,5115
7046,5011
7047,5010
7048,5407
7049,4866
7050,4676
7051,5098
7052,5176
7053,5226
7054,4986
7055,4801
7056,4978
7057,5272
7058,5005
7059,4791
7060,5282
7061,4970
7062,4862
7063,5132
7064,5212
7065,5163
7066,5229
7067,5245
7068,4872
7069,5481
7070,5311
7071,4957
7072,5302
7073,4941
7074,5191
7075,5069
7076,5134
7077,4739
7078,4933
7079,5023
7080,5070
7081,4637
7082,5297
7083,4626
7084,5303
7085,5544
7086,4902
7087,4840
7088,4852
7089,5190
7090,5061
7091,5285
7092,4848
7093,5282
7094,4762
7095,5031
7096,5116
7097,5266
7098,4968
7099,5075
7100,5127
7101,5085
7102,4773
7103,5193
7104,5050
7105,5137
7106,4965
7107,5279
7108,5332
7109,4782
7110,5198
7111,4904
7112,5132
7113,4698
7114,5083
7115,4830
7116,5051
7117,5255
7118,5005
7119,5237
7120,5253
7121,4936
7122,5005
7123,5000
7124,5276
7125,5202
7126,5035
7127,4761
7128,5198
7129,4790
7130,4851
7131,5188
7132,5257
7133,4884
7134,4886
7135,4811
7136,5008
7137,5154
7138,5211
7139,5084
7140,4852
7141,4787
7142,4920
7143,4935
7144,5021
7145,5015
7146,5296
7147,5099
7148,5198
7149,5276
7150,4850
7151,4668
7152,5031
7153,5244
7154,4846
7155,5116
7156,5124
7157,5193
7158,5015
7159,5137
7160,5059
7161,5008
7162,4828
7163,5090
7164,4757
7165,4819
7166,4811
7167,5271
7168,5292
7169,4750
7170,4800
7171,5319
7172,5042
7173,4913
7174,5099
7175,5241
7176,4978
7177,4925
7178,4776
7179,4780
7180,4750
7181,5156
7182,5325
7183,5017
7184,5169
7185,4955
7186,4893
7187,5437
7188,5205
7189,4844
7190,4938
7191,4873
7192,4947
7193,4867
7194,4906
7195,4987
7196,5141
7197,4788
7198,4791
7199,4916
7200,4887
7201,5317
7202,4867
7203,5020
7204,5379
7205,5252
7206,4880
7207,5181
7208,4910
7209,5097
7210,4984
7211,4915
7212,4981
7213,5357
7214,5067
7215,5040
7216,5032
7217,5468
7218,4788
7219,4820
7220,4889
7221,5155
7222,5310
7223,5180
7224,5332
7225,4637
7226,5110
7227,5189
7228,5133
7229,4938
7230,5386
7231,5034
7232,5097
7233,5079
7234,5036
7235,5208
7236,4908
7237,4958
7238,5028
7239,5040
7240,5070
7241,5096
7242,4917
7243,5004
7244,5251
7245,4853
7246,5337
7247,5052
7248,4898
7249,4654
7250,5143
7251,5291
7252,4808
7253,4780
7254,4846
7255,5238
7256,5542
7257,5072
7258,4781
7259,5003
7260,5223
7261,5349
7262,4958
7263,4840
7264,5141
7265,5168
7266,5267
7267,5210
7268,4980
7269,5096
7270,4939
7271,4889
7272,5048
7273,4722
7274,4523
7275,5163
7276,5076
7277,5253
7278,5190
7279,5418
7280,5016
7281,4823
7282,5281
7283,5113
7284,5180
7285,5124
7286,5213
7287,4843
7288,4950
7289,5160
7290,5106
7291,5048
7292,4803
7293,5000
7294,4952
7295,4943
7296,4817
7297,5167
7298,5267
7299,5103
7300,5305
7301,5100
7302,5060
7303,4886
7304,5249
7305,5063
7306,5490
7307,5195
7308,5114
7309,5166
7310,5349
7311,5245
7312,4904
7313,4930
7314,4845
7315,5463
7316,5130
7317,5153
7318,4899
7319,4849
7320,4890
7321,5266
7322,5146
7323,5125
7324,5119
7325,5009
7326,5098
7327,5099
7328,5295
7329,5028
7330,4941
7331,4983
7332,5036
7333,4824
7334,5409
7335,4600
7336,5071
7337,5102
7338,5061
7339,4979
7340,5121
7341,5196
7342,5372
7343,5235
7344,5054
7345,4812
7346,5266
7347,5229
7348,5024
7349,4805
7350,5215
7351,5240
7352,5391
7353,5154
7354,5463
7355,5054
7356,4902
7357,4840
7358,5119
7359,4949
7360,4665
7361,5409
7362,5237
7363,5038
7364,4595
7365,5066
7366,5025
7367,5156
7368,4793
7369,5043
7370,5099
7371,4669
7372,4637
7373,5158
7374,5212
7375,5161
7376,5098
7377,4876
7378,5277
7379,5092
7380,5175
7381,5297
7382,4930
7383,4901
7384,5175
7385,5151
7386,5005
7387,5189
7388,5125
7389,5025
7390,5043
7391,5075
7392,5127
7393,5076
7394,5087
7395,5108
7396,4993
7397,4675
7398,5139
7399,5031
7400,5172
7401,5087
7402,5177
7403,4964
7404,4684
7405,4906
7406,5142
7407,4895
7408,5220
7409,4944
7410,5158
7411,5526
7412,4916
7413,4959
7414,4923
7415,4579
7416,4944
7417,5445
7418,5155
7419,5393
7420,4929
7421,5216
7422,5319
7423,5180
7424,5230
7425,4948
7426,5071
7427,4781
7428,4550
7429,5091
7430,4805
7431,5023
7432,5146
7433,4984
7434,5235
7435,5063
7436,5063
7437,5268
7438,5197
7439,5094
7440,4840
7441,5239
7442,4951
7443,5049
7444,4894
7445,5261
7446,5045
7447,5413
7448,4747
7449,5317
7450,4968
7451,4790
7452,5255
7453,4992
7454,5017
7455,4771
7456,5248
7457,4996
7458,5123
7459,5002
7460,5059
7461,4788
7462,5233
7463,5005
7464,5000
7465,5044
7466,4731
7467,5166
7468,5225
7469,4773
7470,4923
7471,5078
7472,4872
7473,5064
7474,5387
7475,5337
7476,4801
7477,5177
7478,5337
7479,4910
7480,4932
7481,5117
7482,5213
7483,5136
7484,4925
7485,4856
7486,4713
7487,4890
7488,5059
7489,5105
7490,5138
7491,5449
7492,5255
7493,5379
7494,5041
7495,5207
7496,4860
7497,5099
7498,5354
7499,5058
7500,4907
7501,5037
7502,5213
7503,5121
7504,4646
7505,5329
7506,4948
7507,5078
7508,5123
7509,5293
7510,4881
7511,5301
7512,4905
7513,5107
7514,5074
7515,5153
7516,4752
7517,5403
7518,5057
7519,4902
7520,5199
7521,4962
7522,5078
